file,line,kind,text,suggested_key
backend/routers/security.py,103,message,امسح رمز QR باستخدام تطبيق المصادقة، ثم أدخل الرمز للتأكيد,msg_امسح_رمز_qr_باستخدام_تطبيق_المصادقة،_ثم_أدخل_الرمز_للتأكيد
backend/routers/security.py,157,message,تم تفعيل المصادقة الثنائية بنجاح,msg_تم_تفعيل_المصادقة_الثنائية_بنجاح
backend/routers/security.py,198,message,تم تعطيل المصادقة الثنائية,msg_تم_تعطيل_المصادقة_الثنائية
backend/routers/security.py,341,message,تم تغيير كلمة المرور بنجاح,msg_تم_تغيير_كلمة_المرور_بنجاح
backend/routers/security.py,381,message,تم تحديث سياسة كلمات المرور,msg_تم_تحديث_سياسة_كلمات_المرور
backend/routers/security.py,437,message,تم إنهاء الجلسة,msg_تم_إنهاء_الجلسة
backend/routers/security.py,460,message,تم إنهاء جميع الجلسات,msg_تم_إنهاء_جميع_الجلسات
backend/routers/security.py,488,message,سياسة انتهاء كلمات المرور معطّلة,msg_سياسة_انتهاء_كلمات_المرور_معطّلة
backend/routers/matching.py,142,detail,Match not found,msg_match_not_found
backend/routers/matching.py,210,detail,Only held matches can be approved,msg_only_held_matches_can_be_approved
backend/routers/matching.py,241,detail,Only held matches can be rejected,msg_only_held_matches_can_be_rejected
backend/routers/matching.py,297,detail,Tolerance not found,msg_tolerance_not_found
backend/routers/contracts.py,36,detail,تاريخ نهاية العقد يجب أن يكون بعد تاريخ البداية,msg_تاريخ_نهاية_العقد_يجب_أن_يكون_بعد_تاريخ_البداية
backend/routers/contracts.py,45,detail,رقم العقد مكرر، يرجى استخدام رقم مختلف,msg_رقم_العقد_مكرر،_يرجى_استخدام_رقم_مختلف
backend/routers/contracts.py,200,detail,Contract not found,msg_contract_not_found
backend/routers/contracts.py,294,detail,يمكن تجديد العقود النشطة فقط,msg_يمكن_تجديد_العقود_النشطة_فقط
backend/routers/contracts.py,365,detail,العقد غير موجود أو غير نشط,msg_العقد_غير_موجود_أو_غير_نشط
backend/routers/contracts.py,373,detail,لا توجد بنود في العقد,msg_لا_توجد_بنود_في_العقد
backend/routers/contracts.py,458,detail,العقد ملغي بالفعل,msg_العقد_ملغي_بالفعل
backend/routers/contracts.py,475,message,تم إلغاء العقد بنجاح,msg_تم_إلغاء_العقد_بنجاح
backend/routers/contracts.py,613,message,تم إنشاء التعديل بنجاح,msg_تم_إنشاء_التعديل_بنجاح
backend/routers/roles.py,493,detail,Company ID missing,msg_company_id_missing
backend/routers/roles.py,640,detail,اسم الدور موجود بالفعل,msg_اسم_الدور_موجود_بالفعل
backend/routers/roles.py,662,message,تم إنشاء الدور بنجاح,msg_تم_إنشاء_الدور_بنجاح
backend/routers/roles.py,726,message,تم تحديث الدور بنجاح,msg_تم_تحديث_الدور_بنجاح
backend/routers/roles.py,757,detail,لا يمكن حذف الأدوار الافتراضية للنظام,msg_لا_يمكن_حذف_الأدوار_الافتراضية_للنظام
backend/routers/roles.py,775,message,تم حذف الدور بنجاح,msg_تم_حذف_الدور_بنجاح
backend/routers/projects.py,315,message,تم إنشاء المشروع بنجاح,msg_تم_إنشاء_المشروع_بنجاح
backend/routers/projects.py,358,detail,نسبة الإنجاز يجب أن تكون بين 0 و 100,msg_نسبة_الإنجاز_يجب_أن_تكون_بين_0_و_100
backend/routers/projects.py,376,message,تم تحديث المشروع بنجاح,msg_تم_تحديث_المشروع_بنجاح
backend/routers/projects.py,407,detail,لا يمكن حذف المشروع لوجود مصاريف أو إيرادات مرحّلة. يمكنك إلغاؤه بدلاً من حذفه.,msg_لا_يمكن_حذف_المشروع_لوجود_مصاريف_أو_إيرادات_مرحّلة_يمكنك_إلغاؤه_بدلاً_من_حذفه
backend/routers/projects.py,423,message,تم حذف المشروع,msg_تم_حذف_المشروع
backend/routers/projects.py,495,message,تم إضافة المهمة,msg_تم_إضافة_المهمة
backend/routers/projects.py,516,detail,المهمة غير موجودة,msg_المهمة_غير_موجودة
backend/routers/projects.py,557,message,تم تحديث المهمة,msg_تم_تحديث_المهمة
backend/routers/projects.py,587,message,تم حذف المهمة,msg_تم_حذف_المهمة
backend/routers/projects.py,637,detail,لم يتم العثور على حساب المصاريف,msg_لم_يتم_العثور_على_حساب_المصاريف
backend/routers/projects.py,648,detail,لم يتم العثور على حساب النقدية,msg_لم_يتم_العثور_على_حساب_النقدية
backend/routers/projects.py,721,message,تم تسجيل المصروف وإنشاء القيد المحاسبي,msg_تم_تسجيل_المصروف_وإنشاء_القيد_المحاسبي
backend/routers/projects.py,784,detail,لم يتم العثور على حساب الإيرادات,msg_لم_يتم_العثور_على_حساب_الإيرادات
backend/routers/projects.py,793,detail,لم يتم العثور على الحساب المدين,msg_لم_يتم_العثور_على_الحساب_المدين
backend/routers/projects.py,856,message,تم تسجيل الإيراد وإنشاء القيد المحاسبي,msg_تم_تسجيل_الإيراد_وإنشاء_القيد_المحاسبي
backend/routers/projects.py,1131,message,تم تسجيل الوقت بنجاح,msg_تم_تسجيل_الوقت_بنجاح
backend/routers/projects.py,1158,detail,غير مصرح لك بتعديل هذا السجل,msg_غير_مصرح_لك_بتعديل_هذا_السجل
backend/routers/projects.py,1196,message,تم تحديث السجل,msg_تم_تحديث_السجل
backend/routers/projects.py,1215,detail,غير مصرح لك بحذف هذا السجل,msg_غير_مصرح_لك_بحذف_هذا_السجل
backend/routers/projects.py,1224,message,تم حذف السجل,msg_تم_حذف_السجل
backend/routers/projects.py,1249,detail,حسابات تكلفة العمالة غير معرفة في إعدادات الشركة,msg_حسابات_تكلفة_العمالة_غير_معرفة_في_إعدادات_الشركة
backend/routers/projects.py,1398,message,تم رفع المستند بنجاح,msg_تم_رفع_المستند_بنجاح
backend/routers/projects.py,1440,message,تم حذف المستند,msg_تم_حذف_المستند
backend/routers/projects.py,1629,message,تم إنشاء الفاتورة والقيد المحاسبي بنجاح,msg_تم_إنشاء_الفاتورة_والقيد_المحاسبي_بنجاح
backend/routers/projects.py,1728,detail,لا يمكن تعديل أمر تغيير تمت الموافقة عليه,msg_لا_يمكن_تعديل_أمر_تغيير_تمت_الموافقة_عليه
backend/routers/projects.py,1744,message,تم تحديث أمر التغيير,msg_تم_تحديث_أمر_التغيير
backend/routers/projects.py,1800,message,تمت الموافقة على أمر التغيير وتحديث ميزانية المشروع,msg_تمت_الموافقة_على_أمر_التغيير_وتحديث_ميزانية_المشروع
backend/routers/projects.py,1834,detail,المشروع مغلق بالفعل,msg_المشروع_مغلق_بالفعل
backend/routers/projects.py,1927,message,تم إغلاق المشروع بنجاح,msg_تم_إغلاق_المشروع_بنجاح
backend/routers/projects.py,1981,message,تم إعداد الفوترة الدورية بنجاح,msg_تم_إعداد_الفوترة_الدورية_بنجاح
backend/routers/projects.py,2022,message,لا توجد عقود مستحقة للفوترة,msg_لا_توجد_عقود_مستحقة_للفوترة
backend/routers/projects.py,2679,message,تم إضافة الخطر بنجاح,msg_تم_إضافة_الخطر_بنجاح
backend/routers/projects.py,2715,message,تم تحديث الخطر بنجاح,msg_تم_تحديث_الخطر_بنجاح
backend/routers/projects.py,2738,message,تم حذف الخطر,msg_تم_حذف_الخطر
backend/routers/projects.py,2790,message,تم إنشاء التبعية بنجاح,msg_تم_إنشاء_التبعية_بنجاح
backend/routers/projects.py,2813,message,تم حذف التبعية,msg_تم_حذف_التبعية
backend/routers/projects.py,3403,message,Allocation removed,msg_allocation_removed
backend/routers/system_completion.py,1426,message,تم إنشاء الفترة المحاسبية,msg_تم_إنشاء_الفترة_المحاسبية
backend/routers/system_completion.py,1476,message,تم فتح الفترة المحاسبية,msg_تم_فتح_الفترة_المحاسبية
backend/routers/system_completion.py,1618,message,تم إنشاء النسخة الاحتياطية بنجاح,msg_تم_إنشاء_النسخة_الاحتياطية_بنجاح
backend/routers/system_completion.py,1755,message,تم إنشاء قالب الطباعة,msg_تم_إنشاء_قالب_الطباعة
backend/routers/system_completion.py,1807,message,تم تحديث القالب,msg_تم_تحديث_القالب
backend/routers/mobile.py,99,detail,company_id not available,msg_company_id_not_available
backend/routers/settings.py,419,message,Settings updated successfully,msg_settings_updated_successfully
backend/routers/settings.py,448,detail,Missing SMTP configuration,msg_missing_smtp_configuration
backend/routers/settings.py,457,message,Connection successful,msg_connection_successful
backend/routers/settings.py,459,detail,فشل الاتصال بالخادم,msg_فشل_الاتصال_بالخادم
backend/routers/settings.py,474,detail,Missing OTP or Organization Name,msg_missing_otp_or_organization_name
backend/routers/settings.py,479,detail,Invalid OTP,msg_invalid_otp
backend/routers/settings.py,483,message,CSID generated successfully,msg_csid_generated_successfully
backend/routers/companies.py,57,detail,البريد مستخدم,msg_البريد_مستخدم
backend/routers/companies.py,72,detail,فشل توليد معرف فريد,msg_فشل_توليد_معرف_فريد
backend/routers/companies.py,83,detail,فشل إنشاء قاعدة البيانات,msg_فشل_إنشاء_قاعدة_البيانات
backend/routers/companies.py,97,detail,فشل إنشاء الجداول,msg_فشل_إنشاء_الجداول
backend/routers/companies.py,225,detail,فشل إنشاء الشركة,msg_فشل_إنشاء_الشركة
backend/routers/companies.py,399,message,تم تحديث الوحدات بنجاح,msg_تم_تحديث_الوحدات_بنجاح
backend/routers/companies.py,413,detail,Access Denied,msg_access_denied
backend/routers/companies.py,429,detail,الشركة غير موجودة,msg_الشركة_غير_موجودة
backend/routers/companies.py,473,detail,Forbidden: Admin access required,msg_forbidden_admin_access_required
backend/routers/companies.py,484,detail,Company not found,msg_company_not_found
backend/routers/companies.py,489,message,No changes provided,msg_no_changes_provided
backend/routers/companies.py,516,message,Company updated successfully,msg_company_updated_successfully
backend/routers/companies.py,535,detail,Forbidden,forbidden
backend/routers/audit.py,105,detail,Company ID missing and not a system view,msg_company_id_missing_and_not_a_system_view
backend/routers/audit.py,130,detail,ليس لديك صلاحية لعرض سجلات هذا الفرع,msg_ليس_لديك_صلاحية_لعرض_سجلات_هذا_الفرع
backend/routers/reports.py,1817,detail,يجب تحديد الحساب,msg_يجب_تحديد_الحساب
backend/routers/reports.py,1947,detail,يجب تحديد فترتين على الأقل للمقارنة,msg_يجب_تحديد_فترتين_على_الأقل_للمقارنة
backend/routers/reports.py,2032,detail,يجب تحديد تاريخين على الأقل,msg_يجب_تحديد_تاريخين_على_الأقل
backend/routers/reports.py,2124,detail,Invalid date format. Use YYYY-MM-DD,msg_invalid_date_format_use_yyyy_mm_dd
backend/routers/reports.py,2225,detail,يجب تحديد فترتين على الأقل,msg_يجب_تحديد_فترتين_على_الأقل
backend/routers/reports.py,2476,detail,يجب فترتين على الأقل,msg_يجب_فترتين_على_الأقل
backend/routers/reports.py,3060,message,تم حفظ التقرير بنجاح,msg_تم_حفظ_التقرير_بنجاح
backend/routers/reports.py,3091,detail,التقرير غير موجود,msg_التقرير_غير_موجود
backend/routers/reports.py,3112,message,تم حذف التقرير,msg_تم_حذف_التقرير
backend/routers/role_dashboards.py,342,detail,Error loading industry dashboard,msg_error_loading_industry_dashboard
backend/routers/role_dashboards.py,408,detail,Error loading combined dashboard,msg_error_loading_combined_dashboard
backend/routers/role_dashboards.py,521,detail,Error loading dashboard data,msg_error_loading_dashboard_data
backend/routers/purchases.py,114,message,تم إنشاء المجموعة بنجاح,msg_تم_إنشاء_المجموعة_بنجاح
backend/routers/purchases.py,172,message,تم تحديث المجموعة بنجاح,msg_تم_تحديث_المجموعة_بنجاح
backend/routers/purchases.py,195,detail,لا يمكن حذف المجموعة لأنها مرتبطة بموردين,msg_لا_يمكن_حذف_المجموعة_لأنها_مرتبطة_بموردين
backend/routers/purchases.py,215,message,تم حذف المجموعة بنجاح,msg_تم_حذف_المجموعة_بنجاح
backend/routers/purchases.py,627,message,تم إنشاء أمر الشراء بنجاح,msg_تم_إنشاء_أمر_الشراء_بنجاح
backend/routers/purchases.py,658,detail,يمكن اعتماد أوامر الشراء في حالة 'مسودة' فقط,msg_يمكن_اعتماد_أوامر_الشراء_في_حالة_مسودة_فقط
backend/routers/purchases.py,705,message,تم اعتماد أمر الشراء بنجاح,msg_تم_اعتماد_أمر_الشراء_بنجاح
backend/routers/purchases.py,739,detail,يجب اعتماد أمر الشراء أولاً قبل الاستلام,msg_يجب_اعتماد_أمر_الشراء_أولاً_قبل_الاستلام
backend/routers/purchases.py,908,message,تم استلام البضاعة بنجاح,msg_تم_استلام_البضاعة_بنجاح
backend/routers/purchases.py,1152,detail,Exchange rate must be greater than zero,msg_exchange_rate_must_be_greater_than_zero
backend/routers/purchases.py,1172,detail,المستودع المختار لا يتبع للفرع الحالي,msg_المستودع_المختار_لا_يتبع_للفرع_الحالي
backend/routers/purchases.py,1626,message,تم إنشاء فاتورة المشتريات بنجاح,msg_تم_إنشاء_فاتورة_المشتريات_بنجاح
backend/routers/purchases.py,1702,detail,مردود المشتريات غير موجود,msg_مردود_المشتريات_غير_موجود
backend/routers/purchases.py,1779,detail,يجب تعريف مستودع واحد على الأقل,msg_يجب_تعريف_مستودع_واحد_على_الأقل
backend/routers/purchases.py,2013,message,تم إنشاء مردود المشتريات بنجاح,msg_تم_إنشاء_مردود_المشتريات_بنجاح
backend/routers/purchases.py,2021,detail,حدث خطأ أثناء إنشاء مردود المشتريات,msg_حدث_خطأ_أثناء_إنشاء_مردود_المشتريات
backend/routers/purchases.py,2086,detail,قيمة التخصيص يجب أن تكون أكبر من صفر,msg_قيمة_التخصيص_يجب_أن_تكون_أكبر_من_صفر
backend/routers/purchases.py,2295,message,تم حفظ السند بنجاح,msg_تم_حفظ_السند_بنجاح
backend/routers/purchases.py,2300,detail,حدث خطأ أثناء إنشاء سند الصرف,msg_حدث_خطأ_أثناء_إنشاء_سند_الصرف
backend/routers/purchases.py,2348,detail,Payment not found,msg_payment_not_found
backend/routers/purchases.py,2553,detail,يجب تحديد المورد,msg_يجب_تحديد_المورد
backend/routers/purchases.py,2560,detail,الفاتورة المرتبطة غير موجودة أو لا تخص هذا المورد,msg_الفاتورة_المرتبطة_غير_موجودة_أو_لا_تخص_هذا_المورد
backend/routers/purchases.py,2629,detail,إعدادات الحسابات غير مكتملة (AP / Inventory),msg_إعدادات_الحسابات_غير_مكتملة_ap_inventory
backend/routers/purchases.py,2980,detail,RFQ not found,msg_rfq_not_found
backend/routers/purchases.py,3038,message,RFQ sent to suppliers,msg_rfq_sent_to_suppliers
backend/routers/purchases.py,3089,detail,Response not found,msg_response_not_found
backend/routers/purchases.py,3099,message,RFQ converted. Create PO from supplier.,msg_rfq_converted_create_po_from_supplier
backend/routers/purchases.py,3199,detail,Agreement not found,msg_agreement_not_found
backend/routers/purchases.py,3255,message,Agreement activated,msg_agreement_activated
backend/routers/purchases.py,3265,detail,Active agreement not found,msg_active_agreement_not_found
backend/routers/purchases.py,3270,detail,Call-off exceeds agreement total,msg_call_off_exceeds_agreement_total
backend/routers/purchases.py,3339,message,Blanket PO created successfully,msg_blanket_po_created_successfully
backend/routers/purchases.py,3345,detail,Failed to create blanket PO,msg_failed_to_create_blanket_po
backend/routers/purchases.py,3415,detail,Blanket PO not found,msg_blanket_po_not_found
backend/routers/purchases.py,3446,detail,Only draft blanket POs can be activated,msg_only_draft_blanket_pos_can_be_activated
backend/routers/purchases.py,3458,message,Blanket PO activated successfully,msg_blanket_po_activated_successfully
backend/routers/purchases.py,3482,detail,Blanket PO must be active to release orders,msg_blanket_po_must_be_active_to_release_orders
backend/routers/purchases.py,3545,message,Release order created successfully,msg_release_order_created_successfully
backend/routers/purchases.py,3553,detail,Failed to create release order,msg_failed_to_create_release_order
backend/routers/purchases.py,3573,detail,Cannot amend price on a completed/cancelled/expired blanket PO,msg_cannot_amend_price_on_a_completed_cancelled_expired_blanket_po
backend/routers/purchases.py,3612,message,Price amended successfully,msg_price_amended_successfully
backend/routers/purchases.py,3623,detail,Failed to amend price,msg_failed_to_amend_price
backend/routers/landed_costs.py,492,message,تم ترحيل التكاليف المُضافة وتحديث تكلفة المنتجات,msg_تم_ترحيل_التكاليف_المُضافة_وتحديث_تكلفة_المنتجات
backend/routers/sso.py,55,detail,Company not found or inactive,msg_company_not_found_or_inactive
backend/routers/sso.py,57,detail,company_id or company_code is required,msg_company_id_or_company_code_is_required
backend/routers/sso.py,75,detail,قاعدة بيانات الشركة غير جاهزة لإعدادات SSO. راجع تهيئة قاعدة البيانات أو تواصل مع الدعم.,msg_قاعدة_بيانات_الشركة_غير_جاهزة_لإعدادات_sso_راجع_تهيئة_قاعدة_البيانات_أو_تواصل_مع
backend/routers/sso.py,81,detail,تعذر تحميل إعدادات SSO حالياً,msg_تعذر_تحميل_إعدادات_sso_حالياً
backend/routers/sso.py,113,detail,SSO configuration not found,msg_sso_configuration_not_found
backend/routers/sso.py,221,detail,No active SAML configuration found,msg_no_active_saml_configuration_found
backend/routers/sso.py,243,detail,Missing SAMLResponse,msg_missing_samlresponse
backend/routers/sso.py,247,detail,Missing RelayState,msg_missing_relaystate
backend/routers/sso.py,250,detail,Invalid or expired RelayState token,msg_invalid_or_expired_relaystate_token
backend/routers/sso.py,258,detail,Invalid SSO configuration,msg_invalid_sso_configuration
backend/routers/sso.py,321,detail,Cannot determine company for this SSO configuration,msg_cannot_determine_company_for_this_sso_configuration
backend/routers/sso.py,325,detail,SSO configuration not found or inactive,msg_sso_configuration_not_found_or_inactive
backend/routers/sso.py,342,detail,Username and password required for LDAP login,msg_username_and_password_required_for_ldap_login
backend/routers/sso.py,349,detail,LDAP server unreachable. Use local login if you are a fallback admin.,msg_ldap_server_unreachable_use_local_login_if_you_are_a_fallback_admin
backend/routers/approvals.py,129,message,تم إنشاء سلسلة الاعتماد بنجاح,msg_تم_إنشاء_سلسلة_الاعتماد_بنجاح
backend/routers/approvals.py,175,message,تم تحديث سلسلة الاعتماد بنجاح,msg_تم_تحديث_سلسلة_الاعتماد_بنجاح
backend/routers/approvals.py,202,message,تم حذف سلسلة الاعتماد,msg_تم_حذف_سلسلة_الاعتماد
backend/routers/approvals.py,304,message,تم إنشاء طلب الاعتماد بنجاح,msg_تم_إنشاء_طلب_الاعتماد_بنجاح
backend/routers/dashboard.py,377,detail,Access denied. System Admin only.,msg_access_denied_system_admin_only
backend/routers/dashboard.py,539,message,تم حفظ التخطيط بنجاح,msg_تم_حفظ_التخطيط_بنجاح
backend/routers/dashboard.py,561,message,تم تحديث التخطيط بنجاح,msg_تم_تحديث_التخطيط_بنجاح
backend/routers/dashboard.py,580,message,تم حذف التخطيط,msg_تم_حذف_التخطيط
backend/routers/dashboard.py,1245,detail,Widget not found,msg_widget_not_found
backend/routers/dashboard.py,1274,detail,Dashboard not found,msg_dashboard_not_found
backend/routers/dashboard.py,1281,detail,Access denied for this dashboard,msg_access_denied_for_this_dashboard
backend/routers/dashboard.py,1350,message,Dashboard created successfully,msg_dashboard_created_successfully
backend/routers/dashboard.py,1356,detail,Failed to create dashboard,msg_failed_to_create_dashboard
backend/routers/dashboard.py,1425,message,Dashboard updated successfully,msg_dashboard_updated_successfully
backend/routers/dashboard.py,1431,detail,Failed to update dashboard,msg_failed_to_update_dashboard
backend/routers/dashboard.py,1450,detail,System dashboards cannot be deleted,msg_system_dashboards_cannot_be_deleted
backend/routers/dashboard.py,1455,message,Dashboard deleted successfully,msg_dashboard_deleted_successfully
backend/routers/dashboard.py,1461,detail,Failed to delete dashboard,msg_failed_to_delete_dashboard
backend/routers/hr_wps_compliance.py,639,message,تم تسوية نهاية الخدمة بنجاح,msg_تم_تسوية_نهاية_الخدمة_بنجاح
backend/routers/delivery_orders.py,343,message,تم تأكيد أمر التسليم وخصم المخزون,msg_تم_تأكيد_أمر_التسليم_وخصم_المخزون
backend/routers/delivery_orders.py,374,message,تم تسجيل التسليم بنجاح,msg_تم_تسجيل_التسليم_بنجاح
backend/routers/delivery_orders.py,544,message,تم إنشاء الفاتورة بنجاح,msg_تم_إنشاء_الفاتورة_بنجاح
backend/routers/delivery_orders.py,606,message,تم إلغاء أمر التسليم,msg_تم_إلغاء_أمر_التسليم
backend/routers/delivery_orders.py,645,message,تم تحديث أمر التسليم,msg_تم_تحديث_أمر_التسليم
backend/routers/pos.py,59,detail,User already has an open session,msg_user_already_has_an_open_session
backend/routers/pos.py,85,detail,Failed to create POS session,msg_failed_to_create_pos_session
backend/routers/pos.py,189,detail,Session not found,msg_session_not_found
backend/routers/pos.py,195,detail,Session is not open,msg_session_is_not_open
backend/routers/pos.py,829,detail,Held order not found,msg_held_order_not_found
backend/routers/pos.py,881,message,Order cancelled successfully,msg_order_cancelled_successfully
backend/routers/pos.py,907,detail,Original order not found or not paid,msg_original_order_not_found_or_not_paid
backend/routers/pos.py,1116,message,Return processed successfully,msg_return_processed_successfully
backend/routers/pos.py,1136,detail,Order not found,msg_order_not_found
backend/routers/pos.py,1241,detail,No fields to update,msg_no_fields_to_update
backend/routers/pos.py,1246,detail,Promotion not found,msg_promotion_not_found
backend/routers/pos.py,1271,message,Deleted,deleted
backend/routers/pos.py,1283,detail,Coupon code required,msg_coupon_code_required
backend/routers/pos.py,1291,detail,Invalid or expired coupon,msg_invalid_or_expired_coupon
backend/routers/pos.py,1342,detail,Customer already enrolled,msg_customer_already_enrolled
backend/routers/pos.py,1367,detail,Customer not enrolled in loyalty,msg_customer_not_enrolled_in_loyalty
backend/routers/pos.py,1396,detail,Customer not enrolled,msg_customer_not_enrolled
backend/routers/pos.py,1399,detail,Insufficient points,msg_insufficient_points
backend/routers/pos.py,1542,detail,No fields,msg_no_fields
backend/routers/pos.py,1545,detail,Table not found,msg_table_not_found
backend/routers/pos.py,1554,message,Table deactivated,msg_table_deactivated
backend/routers/pos.py,1577,message,Table cleared,msg_table_cleared
backend/routers/notifications.py,192,message,تم إرسال الإشعار,msg_تم_إرسال_الإشعار
backend/routers/notifications.py,289,message,تم تحديث إعدادات الإشعارات بنجاح,msg_تم_تحديث_إعدادات_الإشعارات_بنجاح
backend/routers/notifications.py,406,message,تم إرسال رسالة الاختبار بنجاح,msg_تم_إرسال_رسالة_الاختبار_بنجاح
backend/routers/notifications.py,475,message,...,msg_message
backend/routers/auth.py,479,detail,خطأ في تسجيل الدخول. يرجى التواصل مع مسؤول النظام,msg_خطأ_في_تسجيل_الدخول_يرجى_التواصل_مع_مسؤول_النظام
backend/routers/auth.py,486,detail,كلمة المرور غير صحيحة,msg_كلمة_المرور_غير_صحيحة
backend/routers/auth.py,511,message,يرجى إدخال رمز المصادقة الثنائية للمسؤول,msg_يرجى_إدخال_رمز_المصادقة_الثنائية_للمسؤول
backend/routers/auth.py,520,detail,رمز المصادقة الثنائية غير صحيح,msg_رمز_المصادقة_الثنائية_غير_صحيح
backend/routers/auth.py,554,detail,رمز الشركة مطلوب. يمكنك الحصول عليه من مسؤول الشركة.,msg_رمز_الشركة_مطلوب_يمكنك_الحصول_عليه_من_مسؤول_الشركة
backend/routers/auth.py,567,detail,رمز الشركة غير صحيح أو الشركة غير نشطة,msg_رمز_الشركة_غير_صحيح_أو_الشركة_غير_نشطة
backend/routers/auth.py,574,detail,خطأ في الاتصال بقاعدة البيانات,msg_خطأ_في_الاتصال_بقاعدة_البيانات
backend/routers/auth.py,592,detail,اسم المستخدم أو كلمة المرور غير صحيحة,msg_اسم_المستخدم_أو_كلمة_المرور_غير_صحيحة
backend/routers/auth.py,622,message,يرجى إدخال رمز المصادقة الثنائية,msg_يرجى_إدخال_رمز_المصادقة_الثنائية
backend/routers/auth.py,817,detail,خطأ في الخادم أثناء تسجيل الدخول,msg_خطأ_في_الخادم_أثناء_تسجيل_الدخول
backend/routers/auth.py,827,detail,Could not validate credentials,msg_could_not_validate_credentials
backend/routers/auth.py,877,detail,بيانات غير كاملة,msg_بيانات_غير_كاملة
backend/routers/auth.py,1002,detail,بيانات الشركة غير جاهزة حالياً. يرجى إعادة تسجيل الدخول أو التواصل مع الدعم.,msg_بيانات_الشركة_غير_جاهزة_حالياً_يرجى_إعادة_تسجيل_الدخول_أو_التواصل_مع_الدعم
backend/routers/auth.py,1008,detail,المستخدم غير موجود,msg_المستخدم_غير_موجود
backend/routers/auth.py,1034,detail,غير متاح لمسؤولي النظام,msg_غير_متاح_لمسؤولي_النظام
backend/routers/auth.py,1041,detail,الاسم الكامل لا يمكن أن يكون فارغا,msg_الاسم_الكامل_لا_يمكن_أن_يكون_فارغا
backend/routers/auth.py,1062,detail,البريد الإلكتروني مستخدم من قبل مستخدم آخر,msg_البريد_الإلكتروني_مستخدم_من_قبل_مستخدم_آخر
backend/routers/auth.py,1101,detail,فشل تحديث بيانات الحساب,msg_فشل_تحديث_بيانات_الحساب
backend/routers/auth.py,1141,message,تم تسجيل الخروج بنجاح,msg_تم_تسجيل_الخروج_بنجاح
backend/routers/auth.py,1152,detail,رمز التحديث منتهي أو غير صالح,msg_رمز_التحديث_منتهي_أو_غير_صالح
backend/routers/auth.py,1165,detail,رمز التحديث مطلوب,msg_رمز_التحديث_مطلوب
backend/routers/auth.py,1285,message,إذا كان البريد مسجلاً، سيتم إرسال رابط إعادة التعيين,msg_إذا_كان_البريد_مسجلاً،_سيتم_إرسال_رابط_إعادة_التعيين
backend/routers/auth.py,1497,message,تم تغيير كلمة المرور بنجاح. يرجى تسجيل الدخول,msg_تم_تغيير_كلمة_المرور_بنجاح_يرجى_تسجيل_الدخول
backend/routers/auth.py,1518,detail,رمز التحقق غير صالح أو منتهي,msg_رمز_التحقق_غير_صالح_أو_منتهي
backend/routers/auth.py,1683,detail,Unauthorized - User not linked to a company,msg_unauthorized_user_not_linked_to_a_company
backend/routers/branches.py,27,detail,User not associated with any company,msg_user_not_associated_with_any_company
backend/routers/branches.py,83,detail,Internal server error,msg_internal_server_error
backend/routers/branches.py,99,detail,Branch country_code is required for tax calculation,msg_branch_country_code_is_required_for_tax_calculation
backend/routers/branches.py,113,detail,Branch code already exists,msg_branch_code_already_exists
backend/routers/branches.py,203,detail,Branch not found,msg_branch_not_found
backend/routers/branches.py,219,detail,Branch code already used by another branch,msg_branch_code_already_used_by_another_branch
backend/routers/branches.py,304,detail,Cannot delete the default branch,msg_cannot_delete_the_default_branch
backend/routers/branches.py,315,detail,لا يمكن حذف الفرع لوجود عمليات مرتبطة به,msg_لا_يمكن_حذف_الفرع_لوجود_عمليات_مرتبطة_به
backend/routers/branches.py,335,message,Branch deleted,msg_branch_deleted
backend/routers/branches.py,343,detail,"Cannot delete branch because it is used by other records (Invoices, Users, etc.)",msg_cannot_delete_branch_because_it_is_used_by_other_records_invoices_users_etc
backend/routers/scheduled_reports.py,112,detail,"Frequency must be daily, weekly, or monthly",msg_frequency_must_be_daily_weekly_or_monthly
backend/routers/scheduled_reports.py,190,detail,Report not found or unauthorized,msg_report_not_found_or_unauthorized
backend/routers/scheduled_reports.py,199,message,Scheduled report updated,msg_scheduled_report_updated
backend/routers/scheduled_reports.py,225,message,Scheduled report deleted,msg_scheduled_report_deleted
backend/routers/scheduled_reports.py,245,detail,Report not found,msg_report_not_found
backend/routers/scheduled_reports.py,279,message,Report execution started in background,msg_report_execution_started_in_background
backend/routers/scheduled_reports.py,296,detail,report_type must be 'custom' or 'scheduled',msg_report_type_must_be_custom_or_scheduled
backend/routers/scheduled_reports.py,303,detail,User not found,msg_user_not_found
backend/routers/scheduled_reports.py,350,detail,Share not found or unauthorized,msg_share_not_found_or_unauthorized
backend/routers/scheduled_reports.py,358,message,Share removed,msg_share_removed
backend/routers/crm.py,220,message,تم إنشاء الفرصة البيعية,msg_تم_إنشاء_الفرصة_البيعية
backend/routers/crm.py,243,message,تم التحديث,msg_تم_التحديث
backend/routers/crm.py,255,message,تم حذف الفرصة,msg_تم_حذف_الفرصة
backend/routers/crm.py,403,message,تم إنشاء التذكرة,msg_تم_إنشاء_التذكرة
backend/routers/crm.py,472,detail,يجب تحديد عميل للفرصة قبل التحويل,msg_يجب_تحديد_عميل_للفرصة_قبل_التحويل
backend/routers/crm.py,511,message,تم تحويل الفرصة إلى عرض سعر,msg_تم_تحويل_الفرصة_إلى_عرض_سعر
backend/routers/crm.py,582,detail,الحملة غير موجودة,msg_الحملة_غير_موجودة
backend/routers/crm.py,625,message,تم إنشاء الحملة,msg_تم_إنشاء_الحملة
backend/routers/crm.py,646,message,تم تحديث الحملة,msg_تم_تحديث_الحملة
backend/routers/crm.py,658,message,تم حذف الحملة,msg_تم_حذف_الحملة
backend/routers/crm.py,676,detail,Campaign not found,msg_campaign_not_found
backend/routers/crm.py,680,detail,Campaign must be in draft or scheduled status to execute,msg_campaign_must_be_in_draft_or_scheduled_status_to_execute
backend/routers/crm.py,683,detail,Campaign must have a segment to execute,msg_campaign_must_have_a_segment_to_execute
backend/routers/crm.py,690,detail,Campaign already has recipients — it may have been executed already,msg_campaign_already_has_recipients_it_may_have_been_executed_already
backend/routers/crm.py,701,detail,No contacts found in the target segment,msg_no_contacts_found_in_the_target_segment
backend/routers/crm.py,747,message,Campaign executed successfully,msg_campaign_executed_successfully
backend/routers/crm.py,756,detail,Failed to execute campaign,msg_failed_to_execute_campaign
backend/routers/crm.py,810,detail,Webhook secret not configured,msg_webhook_secret_not_configured
backend/routers/crm.py,814,detail,Invalid signature,msg_invalid_signature
backend/routers/crm.py,869,detail,Tracking webhook failed,msg_tracking_webhook_failed
backend/routers/crm.py,889,detail,Lead/opportunity not found,msg_lead_opportunity_not_found
backend/routers/crm.py,897,detail,Lead already attributed to this campaign,msg_lead_already_attributed_to_this_campaign
backend/routers/crm.py,906,message,Lead attributed to campaign,msg_lead_attributed_to_campaign
backend/routers/crm.py,912,detail,Failed to attribute lead,msg_failed_to_attribute_lead
backend/routers/crm.py,1017,detail,المقالة غير موجودة,msg_المقالة_غير_موجودة
backend/routers/crm.py,1036,message,تم إنشاء المقالة,msg_تم_إنشاء_المقالة
backend/routers/crm.py,1057,message,تم تحديث المقالة,msg_تم_تحديث_المقالة
backend/routers/crm.py,1069,message,تم حذف المقالة,msg_تم_حذف_المقالة
backend/routers/crm.py,1120,message,تم إنشاء قاعدة التسجيل,msg_تم_إنشاء_قاعدة_التسجيل
backend/routers/crm.py,1153,message,تم الحذف,msg_تم_الحذف
backend/routers/crm.py,1303,message,تم إنشاء شريحة العملاء,msg_تم_إنشاء_شريحة_العملاء
backend/routers/crm.py,1356,message,تمت الإضافة,msg_تمت_الإضافة
backend/routers/crm.py,1375,message,تمت الإزالة,msg_تمت_الإزالة
backend/routers/crm.py,1476,message,تم إنشاء جهة الاتصال,msg_تم_إنشاء_جهة_الاتصال
backend/routers/external.py,138,message,احفظ المفتاح الآن — لن يظهر مرة أخرى,msg_احفظ_المفتاح_الآن_لن_يظهر_مرة_أخرى
backend/routers/external.py,155,message,تم إلغاء المفتاح,msg_تم_إلغاء_المفتاح
backend/routers/external.py,213,message,تم إنشاء الـ webhook,msg_تم_إنشاء_الـ_webhook
backend/routers/external.py,365,message,تم توليد مفتاح التوقيع الرقمي,msg_تم_توليد_مفتاح_التوقيع_الرقمي
backend/routers/services.py,236,message,تم حذف طلب الصيانة بنجاح,msg_تم_حذف_طلب_الصيانة_بنجاح
backend/routers/services.py,332,message,تم حذف التكلفة بنجاح,msg_تم_حذف_التكلفة_بنجاح
backend/routers/services.py,614,message,تم حذف المستند بنجاح,msg_تم_حذف_المستند_بنجاح
backend/utils/permissions.py,184,detail,تم تعطيل حسابك. يرجى التواصل مع المسؤول.,msg_تم_تعطيل_حسابك_يرجى_التواصل_مع_المسؤول
backend/utils/permissions.py,264,detail,Invalid branch ID,msg_invalid_branch_id
backend/utils/permissions.py,279,detail,يرجى تحديد الفرع (لديك صلاحية على فروع محددة فقط),msg_يرجى_تحديد_الفرع_لديك_صلاحية_على_فروع_محددة_فقط
backend/utils/permissions.py,291,detail,ليس لديك صلاحية للوصول إلى بيانات هذا الفرع,msg_ليس_لديك_صلاحية_للوصول_إلى_بيانات_هذا_الفرع
backend/utils/optimistic_lock.py,58,detail,السجل غير موجود,msg_السجل_غير_موجود
backend/services/sso_service.py,266,message,LDAP connection successful,msg_ldap_connection_successful
backend/services/sso_service.py,268,message,Invalid bind credentials,msg_invalid_bind_credentials
backend/services/sso_service.py,270,message,LDAP server unreachable,msg_ldap_server_unreachable
backend/services/sso_service.py,273,message,LDAP connection failed,msg_ldap_connection_failed
backend/services/gl_service.py,65,detail,يجب إضافة سطر واحد على الأقل في القيد,msg_يجب_إضافة_سطر_واحد_على_الأقل_في_القيد
backend/services/gl_service.py,81,detail,لا يمكن إنشاء قيد بمبالغ صفرية,msg_لا_يمكن_إنشاء_قيد_بمبالغ_صفرية
backend/services/gl_service.py,84,detail,القيود غير موزونة (المدين لا يساوي الدائن),msg_القيود_غير_موزونة_المدين_لا_يساوي_الدائن
backend/services/gl_service.py,110,detail,لا يمكن ترحيل قيود في فترة محاسبية مغلقة,msg_لا_يمكن_ترحيل_قيود_في_فترة_محاسبية_مغلقة
backend/services/gl_service.py,154,detail,سعر الصرف يجب أن يكون أكبر من صفر,msg_سعر_الصرف_يجب_أن_يكون_أكبر_من_صفر
backend/tests/test_37_notifications.py,35,message,هذا إشعار تجريبي من نظام الاختبار التلقائي,msg_هذا_إشعار_تجريبي_من_نظام_الاختبار_التلقائي
backend/tests/test_37_notifications.py,44,message,حساب الصندوق الرئيسي أصبح أقل من الحد الأدنى,msg_حساب_الصندوق_الرئيسي_أصبح_أقل_من_الحد_الأدنى
backend/routers/inventory/stock_movements.py,41,detail,لا يمكنك استلام بضاعة في مستودع خارج فروعك,msg_لا_يمكنك_استلام_بضاعة_في_مستودع_خارج_فروعك
backend/routers/inventory/stock_movements.py,135,detail,لا يمكنك صرف بضاعة من مستودع خارج فروعك,msg_لا_يمكنك_صرف_بضاعة_من_مستودع_خارج_فروعك
backend/routers/inventory/stock_movements.py,192,message,تم تسليم البضاعة بنجاح,msg_تم_تسليم_البضاعة_بنجاح
backend/routers/inventory/shipments.py,35,detail,لا يمكن الشحن لنفس المستودع,msg_لا_يمكن_الشحن_لنفس_المستودع
backend/routers/inventory/shipments.py,50,detail,لا يمكنك إنشاء شحنة بين مستودعات خارج فروعك,msg_لا_يمكنك_إنشاء_شحنة_بين_مستودعات_خارج_فروعك
backend/routers/inventory/shipments.py,126,message,تم إنشاء الشحنة بنجاح,msg_تم_إنشاء_الشحنة_بنجاح
backend/routers/inventory/shipments.py,258,detail,لا يمكنك عرض هذه الشحنة,msg_لا_يمكنك_عرض_هذه_الشحنة
backend/routers/inventory/shipments.py,300,detail,لا يمكن تأكيد هذه الشحنة,msg_لا_يمكن_تأكيد_هذه_الشحنة
backend/routers/inventory/shipments.py,307,detail,لا يمكنك تأكيد شحنة لمستودع خارج فروعك,msg_لا_يمكنك_تأكيد_شحنة_لمستودع_خارج_فروعك
backend/routers/inventory/shipments.py,451,message,تم تأكيد استلام الشحنة بنجاح,msg_تم_تأكيد_استلام_الشحنة_بنجاح
backend/routers/inventory/shipments.py,485,detail,لا يمكن إلغاء هذه الشحنة,msg_لا_يمكن_إلغاء_هذه_الشحنة
backend/routers/inventory/shipments.py,491,detail,لا يمكنك إلغاء هذه الشحنة,msg_لا_يمكنك_إلغاء_هذه_الشحنة
backend/routers/inventory/shipments.py,510,message,تم إلغاء الشحنة,msg_تم_إلغاء_الشحنة
backend/routers/inventory/products.py,36,detail,Product not found,msg_product_not_found
backend/routers/inventory/products.py,229,detail,كود المنتج موجود بالفعل,msg_كود_المنتج_موجود_بالفعل
backend/routers/inventory/products.py,365,detail,كود المنتج مستخدم بالفعل لمنتج آخر,msg_كود_المنتج_مستخدم_بالفعل_لمنتج_آخر
backend/routers/inventory/products.py,477,detail,لا يمكن حذف منتج له رصيد في المخزون,msg_لا_يمكن_حذف_منتج_له_رصيد_في_المخزون
backend/routers/inventory/products.py,489,detail,لا يمكن حذف منتج مستخدم في معاملات سابقة,msg_لا_يمكن_حذف_منتج_مستخدم_في_معاملات_سابقة
backend/routers/inventory/products.py,511,message,تم حذف المنتج بنجاح,msg_تم_حذف_المنتج_بنجاح
backend/routers/inventory/suppliers.py,115,detail,لا يمكنك الوصول لبيانات مورد خارج فروعك,msg_لا_يمكنك_الوصول_لبيانات_مورد_خارج_فروعك
backend/routers/inventory/suppliers.py,226,detail,لا يمكنك تعديل مورد خارج فروعك,msg_لا_يمكنك_تعديل_مورد_خارج_فروعك
backend/routers/inventory/suppliers.py,302,detail,لا يمكنك حذف مورد خارج فروعك,msg_لا_يمكنك_حذف_مورد_خارج_فروعك
backend/routers/inventory/suppliers.py,307,detail,لا يمكن حذف مورد له رصيد مستحق,msg_لا_يمكن_حذف_مورد_له_رصيد_مستحق
backend/routers/inventory/suppliers.py,319,detail,لا يمكن حذف مورد له معاملات سابقة,msg_لا_يمكن_حذف_مورد_له_معاملات_سابقة
backend/routers/inventory/suppliers.py,338,message,تم حذف المورد بنجاح,msg_تم_حذف_المورد_بنجاح
backend/routers/inventory/batches.py,282,detail,رقم الدفعة موجود بالفعل لهذا المنتج في هذا المستودع,msg_رقم_الدفعة_موجود_بالفعل_لهذا_المنتج_في_هذا_المستودع
backend/routers/inventory/batches.py,382,message,تم إنشاء الدفعة بنجاح,msg_تم_إنشاء_الدفعة_بنجاح
backend/routers/inventory/batches.py,429,message,تم تحديث الدفعة بنجاح,msg_تم_تحديث_الدفعة_بنجاح
backend/routers/inventory/batches.py,641,detail,الرقم التسلسلي موجود بالفعل لهذا المنتج,msg_الرقم_التسلسلي_موجود_بالفعل_لهذا_المنتج
backend/routers/inventory/batches.py,694,message,تم إنشاء الرقم التسلسلي بنجاح,msg_تم_إنشاء_الرقم_التسلسلي_بنجاح
backend/routers/inventory/batches.py,715,detail,الحد الأقصى 1000 رقم تسلسلي في المرة الواحدة,msg_الحد_الأقصى_1000_رقم_تسلسلي_في_المرة_الواحدة
backend/routers/inventory/batches.py,819,message,تم تحديث الرقم التسلسلي بنجاح,msg_تم_تحديث_الرقم_التسلسلي_بنجاح
backend/routers/inventory/batches.py,872,message,تم تحديث إعدادات التتبع بنجاح,msg_تم_تحديث_إعدادات_التتبع_بنجاح
backend/routers/inventory/batches.py,1031,message,تم إنشاء فحص الجودة بنجاح,msg_تم_إنشاء_فحص_الجودة_بنجاح
backend/routers/inventory/batches.py,1094,message,تم إكمال فحص الجودة بنجاح,msg_تم_إكمال_فحص_الجودة_بنجاح
backend/routers/inventory/batches.py,1265,message,تم إنشاء الجرد الدوري بنجاح,msg_تم_إنشاء_الجرد_الدوري_بنجاح
backend/routers/inventory/batches.py,1287,detail,لا يمكن بدء جرد ليس في حالة مسودة,msg_لا_يمكن_بدء_جرد_ليس_في_حالة_مسودة
backend/routers/inventory/batches.py,1294,message,تم بدء الجرد الدوري,msg_تم_بدء_الجرد_الدوري
backend/routers/inventory/batches.py,1466,message,تم إكمال الجرد الدوري بنجاح,msg_تم_إكمال_الجرد_الدوري_بنجاح
backend/routers/inventory/forecast.py,104,detail,Forecast not found,msg_forecast_not_found
backend/routers/inventory/warehouses.py,71,detail,كود المستودع موجود مسبقاً,msg_كود_المستودع_موجود_مسبقاً
backend/routers/inventory/warehouses.py,115,detail,لا يمكنك تعديل مستودع خارج فروعك,msg_لا_يمكنك_تعديل_مستودع_خارج_فروعك
backend/routers/inventory/warehouses.py,161,detail,لا يمكن حذف المستودع الافتراضي,msg_لا_يمكن_حذف_المستودع_الافتراضي
backend/routers/inventory/warehouses.py,167,detail,لا يمكنك حذف مستودع خارج فروعك,msg_لا_يمكنك_حذف_مستودع_خارج_فروعك
backend/routers/inventory/warehouses.py,174,detail,لا يمكن حذف مستودع به رصيد مخزون,msg_لا_يمكن_حذف_مستودع_به_رصيد_مخزون
backend/routers/inventory/warehouses.py,181,detail,لا يمكن حذف مستودع له حركات سابقة,msg_لا_يمكن_حذف_مستودع_له_حركات_سابقة
backend/routers/inventory/warehouses.py,194,message,تم حذف المستودع بنجاح,msg_تم_حذف_المستودع_بنجاح
backend/routers/inventory/warehouses.py,224,detail,لا يمكنك الوصول لمستودع خارج فروعك,msg_لا_يمكنك_الوصول_لمستودع_خارج_فروعك
backend/routers/inventory/transfers.py,40,detail,لا يمكن التحويل لنفس المستودع,msg_لا_يمكن_التحويل_لنفس_المستودع
backend/routers/inventory/transfers.py,49,detail,المستودع المصدر غير موجود,msg_المستودع_المصدر_غير_موجود
backend/routers/inventory/transfers.py,51,detail,المستودع الوجهة غير موجود,msg_المستودع_الوجهة_غير_موجود
backend/routers/inventory/transfers.py,59,detail,لا يمكنك التحويل بين مستودعات خارج فروعك,msg_لا_يمكنك_التحويل_بين_مستودعات_خارج_فروعك
backend/routers/inventory/transfers.py,216,message,تم التحويل بنجاح,msg_تم_التحويل_بنجاح
backend/routers/inventory/transfers.py,248,detail,لا يمكن النقل لنفس المستودع,msg_لا_يمكن_النقل_لنفس_المستودع
backend/routers/inventory/transfers.py,263,detail,لا يمكنك النقل بين مستودعات خارج فروعك,msg_لا_يمكنك_النقل_بين_مستودعات_خارج_فروعك
backend/routers/inventory/transfers.py,367,message,تم نقل المخزون بنجاح,msg_تم_نقل_المخزون_بنجاح
backend/routers/inventory/categories.py,79,detail,كود الفئة موجود مسبقاً,msg_كود_الفئة_موجود_مسبقاً
backend/routers/inventory/categories.py,186,message,top deleted,msg_top_deleted
backend/routers/inventory/price_lists.py,74,message,تم إنشاء القائمة بنجاح,msg_تم_إنشاء_القائمة_بنجاح
backend/routers/inventory/price_lists.py,116,message,تم تحديث القائمة بنجاح,msg_تم_تحديث_القائمة_بنجاح
backend/routers/inventory/price_lists.py,143,detail,لا يمكن حذف قائمة أسعار مستخدمة من قبل عملاء,msg_لا_يمكن_حذف_قائمة_أسعار_مستخدمة_من_قبل_عملاء
backend/routers/inventory/price_lists.py,165,message,تم حذف قائمة الأسعار بنجاح,msg_تم_حذف_قائمة_الأسعار_بنجاح
backend/routers/inventory/price_lists.py,222,message,تم تحديث الأسعار بنجاح,msg_تم_تحديث_الأسعار_بنجاح
backend/routers/inventory/adjustments.py,99,detail,لا يمكنك إجراء تسوية على مستودع خارج فروعك,msg_لا_يمكنك_إجراء_تسوية_على_مستودع_خارج_فروعك
backend/routers/inventory/adjustments.py,111,detail,الكمية الجديدة تطابق الكمية الحالية، لا يوجد تعديل,msg_الكمية_الجديدة_تطابق_الكمية_الحالية،_لا_يوجد_تعديل
backend/routers/inventory/adjustments.py,115,detail,لا يمكن تعيين كمية المخزون بقيمة سالبة,msg_لا_يمكن_تعيين_كمية_المخزون_بقيمة_سالبة
backend/routers/inventory/adjustments.py,264,message,تم حفظ تسوية الجرد بنجاح,msg_تم_حفظ_تسوية_الجرد_بنجاح
backend/routers/inventory/notifications.py,94,message,تم تحديد الإشعار كمقروء,msg_تم_تحديد_الإشعار_كمقروء
backend/routers/inventory/notifications.py,113,message,تم تحديد جميع الإشعارات كمقروءة,msg_تم_تحديد_جميع_الإشعارات_كمقروءة
backend/routers/inventory/advanced.py,130,message,Table not migrated yet,msg_table_not_migrated_yet
backend/routers/inventory/advanced.py,163,message,Variant created successfully,msg_variant_created_successfully
backend/routers/inventory/advanced.py,190,message,Variant updated successfully,msg_variant_updated_successfully
backend/routers/inventory/advanced.py,256,message,Bin location created successfully,msg_bin_location_created_successfully
backend/routers/inventory/advanced.py,283,message,Bin location updated successfully,msg_bin_location_updated_successfully
backend/routers/inventory/advanced.py,334,detail,Kit not found,msg_kit_not_found
backend/routers/inventory/advanced.py,349,detail,Table not migrated yet,msg_table_not_migrated_yet
backend/routers/inventory/advanced.py,378,message,Kit created successfully,msg_kit_created_successfully
backend/routers/inventory/advanced.py,405,message,Kit updated successfully,msg_kit_updated_successfully
backend/routers/manufacturing/routing.py,128,detail,فشل في إنشاء مسار التصنيع,msg_فشل_في_إنشاء_مسار_التصنيع
backend/routers/manufacturing/routing.py,208,detail,Routing not found,msg_routing_not_found
backend/routers/manufacturing/routing.py,292,detail,فشل في تحديث مسار التصنيع,msg_فشل_في_تحديث_مسار_التصنيع
backend/routers/manufacturing/core.py,83,detail,فشل في إنشاء مركز العمل,msg_فشل_في_إنشاء_مركز_العمل
backend/routers/manufacturing/core.py,103,detail,Work center not found,msg_work_center_not_found
backend/routers/manufacturing/core.py,115,detail,فشل في تحديث مركز العمل,msg_فشل_في_تحديث_مركز_العمل
backend/routers/manufacturing/core.py,227,detail,فشل في إنشاء المسار,msg_فشل_في_إنشاء_المسار
backend/routers/manufacturing/core.py,238,detail,Route not found,msg_route_not_found
backend/routers/manufacturing/core.py,274,detail,فشل في تحديث المسار,msg_فشل_في_تحديث_المسار
backend/routers/manufacturing/core.py,423,detail,فشل في إنشاء قائمة المواد,msg_فشل_في_إنشاء_قائمة_المواد
backend/routers/manufacturing/core.py,439,detail,BOM not found,msg_bom_not_found
backend/routers/manufacturing/core.py,527,detail,فشل في تحديث قائمة المواد,msg_فشل_في_تحديث_قائمة_المواد
backend/routers/manufacturing/core.py,972,detail,فشل في إنشاء أمر الإنتاج,msg_فشل_في_إنشاء_أمر_الإنتاج
backend/routers/manufacturing/core.py,997,detail,لا يمكن بدء الأمر في حالته الحالية,msg_لا_يمكن_بدء_الأمر_في_حالته_الحالية
backend/routers/manufacturing/core.py,1012,detail,المواد الخام غير كافية لبدء أمر الإنتاج,msg_المواد_الخام_غير_كافية_لبدء_أمر_الإنتاج
backend/routers/manufacturing/core.py,1165,detail,لا يمكن إكمال الأمر في حالته الحالية,msg_لا_يمكن_إكمال_الأمر_في_حالته_الحالية
backend/routers/manufacturing/core.py,1407,detail,لا يمكن إلغاء الأمر في حالته الحالية,msg_لا_يمكن_إلغاء_الأمر_في_حالته_الحالية
backend/routers/manufacturing/core.py,1434,detail,فشل في إلغاء أمر الإنتاج,msg_فشل_في_إلغاء_أمر_الإنتاج
backend/routers/manufacturing/core.py,1452,detail,Only draft orders can be deleted,msg_only_draft_orders_can_be_deleted
backend/routers/manufacturing/core.py,1462,message,Production order deleted successfully,msg_production_order_deleted_successfully
backend/routers/manufacturing/core.py,1468,detail,فشل في حذف أمر الإنتاج,msg_فشل_في_حذف_أمر_الإنتاج
backend/routers/manufacturing/core.py,1486,detail,Only draft orders can be updated,msg_only_draft_orders_can_be_updated
backend/routers/manufacturing/core.py,1503,detail,Update failed,msg_update_failed
backend/routers/manufacturing/core.py,1548,detail,فشل في تحديث أمر الإنتاج,msg_فشل_في_تحديث_أمر_الإنتاج
backend/routers/manufacturing/core.py,1565,detail,لا يمكن حذف مركز العمل لارتباطه بعمليات قائمة,msg_لا_يمكن_حذف_مركز_العمل_لارتباطه_بعمليات_قائمة
backend/routers/manufacturing/core.py,1574,message,Work center deleted successfully,msg_work_center_deleted_successfully
backend/routers/manufacturing/core.py,1580,detail,فشل في حذف مركز العمل,msg_فشل_في_حذف_مركز_العمل
backend/routers/manufacturing/core.py,1596,detail,لا يمكن حذف المسار لارتباطه بأوامر إنتاج نشطة,msg_لا_يمكن_حذف_المسار_لارتباطه_بأوامر_إنتاج_نشطة
backend/routers/manufacturing/core.py,1608,message,Route and its operations deleted successfully,msg_route_and_its_operations_deleted_successfully
backend/routers/manufacturing/core.py,1614,detail,فشل في حذف المسار,msg_فشل_في_حذف_المسار
backend/routers/manufacturing/core.py,1630,detail,لا يمكن حذف قائمة المواد لارتباطها بأوامر إنتاج نشطة,msg_لا_يمكن_حذف_قائمة_المواد_لارتباطها_بأوامر_إنتاج_نشطة
backend/routers/manufacturing/core.py,1643,message,BOM deleted successfully,msg_bom_deleted_successfully
backend/routers/manufacturing/core.py,1649,detail,فشل في حذف قائمة المواد,msg_فشل_في_حذف_قائمة_المواد
backend/routers/manufacturing/core.py,1662,detail,Operation not found,msg_operation_not_found
backend/routers/manufacturing/core.py,1671,detail,Operation already in progress,msg_operation_already_in_progress
backend/routers/manufacturing/core.py,1700,detail,Only in-progress operations can be paused,msg_only_in_progress_operations_can_be_paused
backend/routers/manufacturing/core.py,1799,detail,Order has no BOM assigned,msg_order_has_no_bom_assigned
backend/routers/manufacturing/core.py,1888,detail,فشل في حساب تخطيط الاحتياجات,msg_فشل_في_حساب_تخطيط_الاحتياجات
backend/routers/manufacturing/core.py,1984,detail,فشل في إنشاء المعدات,msg_فشل_في_إنشاء_المعدات
backend/routers/manufacturing/core.py,2003,detail,Equipment not found,msg_equipment_not_found
backend/routers/manufacturing/core.py,2018,detail,فشل في تحديث المعدات,msg_فشل_في_تحديث_المعدات
backend/routers/manufacturing/core.py,2030,detail,لا يمكن حذف المعدة لوجود سجلات صيانة مرتبطة,msg_لا_يمكن_حذف_المعدة_لوجود_سجلات_صيانة_مرتبطة
backend/routers/manufacturing/core.py,2044,detail,فشل في حذف المعدات,msg_فشل_في_حذف_المعدات
backend/routers/manufacturing/core.py,2124,detail,فشل في إنشاء سجل الصيانة,msg_فشل_في_إنشاء_سجل_الصيانة
backend/routers/manufacturing/core.py,2599,detail,BOM غير موجود,msg_bom_غير_موجود
backend/routers/manufacturing/core.py,2658,detail,فشل في حساب المواد,msg_فشل_في_حساب_المواد
backend/routers/manufacturing/core.py,2724,detail,فحص الجودة يُضاف فقط للأوامر قيد التنفيذ أو المؤكدة,msg_فحص_الجودة_يُضاف_فقط_للأوامر_قيد_التنفيذ_أو_المؤكدة
backend/routers/manufacturing/core.py,2750,detail,فشل في إنشاء فحص الجودة,msg_فشل_في_إنشاء_فحص_الجودة
backend/routers/manufacturing/core.py,2769,detail,النتيجة يجب أن تكون: pass / fail / warning,msg_النتيجة_يجب_أن_تكون_pass_fail_warning
backend/routers/manufacturing/core.py,2823,detail,فشل في تسجيل نتيجة الفحص,msg_فشل_في_تسجيل_نتيجة_الفحص
backend/routers/manufacturing/core.py,3193,message,تم إنشاء خطة الطاقة بنجاح,msg_تم_إنشاء_خطة_الطاقة_بنجاح
backend/routers/manufacturing/core.py,3222,message,تم تحديث خطة الطاقة بنجاح,msg_تم_تحديث_خطة_الطاقة_بنجاح
backend/routers/manufacturing/shopfloor.py,169,detail,Work order not found,msg_work_order_not_found
backend/routers/manufacturing/shopfloor.py,214,detail,يجب إكمال العملية السابقة أولاً,msg_يجب_إكمال_العملية_السابقة_أولاً
backend/routers/manufacturing/shopfloor.py,288,detail,Log entry not found,msg_log_entry_not_found
backend/routers/manufacturing/shopfloor.py,291,detail,لا يمكن إكمال العملية في حالتها الحالية,msg_لا_يمكن_إكمال_العملية_في_حالتها_الحالية
backend/routers/manufacturing/shopfloor.py,388,detail,لا يمكن إيقاف العملية في حالتها الحالية,msg_لا_يمكن_إيقاف_العملية_في_حالتها_الحالية
backend/routers/finance/treasury.py,42,detail,يجب تحديد الشركة أولاً,msg_يجب_تحديد_الشركة_أولاً
backend/routers/finance/treasury.py,135,detail,يوجد حساب خزينة بنفس الاسم بالفعل,msg_يوجد_حساب_خزينة_بنفس_الاسم_بالفعل
backend/routers/finance/treasury.py,143,detail,رقم الحساب البنكي مسجل بالفعل في حساب خزينة آخر,msg_رقم_الحساب_البنكي_مسجل_بالفعل_في_حساب_خزينة_آخر
backend/routers/finance/treasury.py,155,detail,حساب النقدية الرئيسي غير موجود في الدليل (1101),msg_حساب_النقدية_الرئيسي_غير_موجود_في_الدليل_1101
backend/routers/finance/treasury.py,316,detail,يوجد حساب خزينة آخر بنفس الاسم,msg_يوجد_حساب_خزينة_آخر_بنفس_الاسم
backend/routers/finance/treasury.py,381,message,تم تحديث حساب الخزينة بنجاح,msg_تم_تحديث_حساب_الخزينة_بنجاح
backend/routers/finance/treasury.py,409,detail,لا يمكن حذف حساب خزينة له رصيد,msg_لا_يمكن_حذف_حساب_خزينة_له_رصيد
backend/routers/finance/treasury.py,417,detail,لا يمكن حذف حساب خزينة له معاملات سابقة,msg_لا_يمكن_حذف_حساب_خزينة_له_معاملات_سابقة
backend/routers/finance/treasury.py,441,message,تم حذف حساب الخزينة بنجاح,msg_تم_حذف_حساب_الخزينة_بنجاح
backend/routers/finance/treasury.py,456,detail,Invalid transaction type,msg_invalid_transaction_type
backend/routers/finance/treasury.py,468,detail,حساب المصروفات غير موجود,msg_حساب_المصروفات_غير_موجود
backend/routers/finance/treasury.py,472,detail,يجب تحديد حساب المصروفات,msg_يجب_تحديد_حساب_المصروفات
backend/routers/finance/treasury.py,484,detail,الخزينة غير موجودة,msg_الخزينة_غير_موجودة
backend/routers/finance/treasury.py,573,message,تم تسجيل المصروف بنجاح,msg_تم_تسجيل_المصروف_بنجاح
backend/routers/finance/treasury.py,597,detail,لا يمكن التحويل من وإلى نفس الحساب,msg_لا_يمكن_التحويل_من_وإلى_نفس_الحساب
backend/routers/finance/treasury.py,600,detail,يجب تحديد حساب الخزينة المستلم,msg_يجب_تحديد_حساب_الخزينة_المستلم
backend/routers/finance/treasury.py,620,detail,حساب المصدر أو المستلم غير موجود,msg_حساب_المصدر_أو_المستلم_غير_موجود
backend/routers/finance/reconciliation.py,92,detail,يوجد بالفعل تسوية مسودة لهذا الحساب. يرجى إكمالها أو حذفها.,msg_يوجد_بالفعل_تسوية_مسودة_لهذا_الحساب_يرجى_إكمالها_أو_حذفها
backend/routers/finance/reconciliation.py,113,message,تم إنشاء التسوية بنجاح,msg_تم_إنشاء_التسوية_بنجاح
backend/routers/finance/reconciliation.py,188,detail,لا يمكن إضافة أسطر إلى تسوية معتمدة,msg_لا_يمكن_إضافة_أسطر_إلى_تسوية_معتمدة
backend/routers/finance/reconciliation.py,302,detail,لا يمكن الاستيراد في تسوية معتمدة,msg_لا_يمكن_الاستيراد_في_تسوية_معتمدة
backend/routers/finance/reconciliation.py,314,detail,يرجى تثبيت مكتبة openpyxl لدعم ملفات Excel,msg_يرجى_تثبيت_مكتبة_openpyxl_لدعم_ملفات_excel
backend/routers/finance/reconciliation.py,424,detail,خطأ في تحليل الملف,msg_خطأ_في_تحليل_الملف
backend/routers/finance/reconciliation.py,441,detail,لا توجد أسطر للاستيراد,msg_لا_توجد_أسطر_للاستيراد
backend/routers/finance/reconciliation.py,489,detail,لا يمكن المطابقة في تسوية معتمدة,msg_لا_يمكن_المطابقة_في_تسوية_معتمدة
backend/routers/finance/reconciliation.py,598,detail,لا يمكن حذف أسطر من تسوية معتمدة,msg_لا_يمكن_حذف_أسطر_من_تسوية_معتمدة
backend/routers/finance/reconciliation.py,616,message,تم حذف السطر بنجاح,msg_تم_حذف_السطر_بنجاح
backend/routers/finance/reconciliation.py,677,detail,الأسطر غير موجودة,msg_الأسطر_غير_موجودة
backend/routers/finance/reconciliation.py,680,detail,سطر الكشف البنكي مطابق بالفعل,msg_سطر_الكشف_البنكي_مطابق_بالفعل
backend/routers/finance/reconciliation.py,682,detail,القيد المحاسبي مطابق بالفعل في تسوية أخرى,msg_القيد_المحاسبي_مطابق_بالفعل_في_تسوية_أخرى
backend/routers/finance/reconciliation.py,704,detail,سطر الكشف البنكي لا يحتوي على مبلغ,msg_سطر_الكشف_البنكي_لا_يحتوي_على_مبلغ
backend/routers/finance/reconciliation.py,719,message,تمت المطابقة بنجاح,msg_تمت_المطابقة_بنجاح
backend/routers/finance/reconciliation.py,732,detail,لا يمكن إلغاء المطابقة في تسوية معتمدة,msg_لا_يمكن_إلغاء_المطابقة_في_تسوية_معتمدة
backend/routers/finance/reconciliation.py,742,detail,السطر غير مطابق أصلاً,msg_السطر_غير_مطابق_أصلاً
backend/routers/finance/reconciliation.py,757,message,تم إلغاء المطابقة بنجاح,msg_تم_إلغاء_المطابقة_بنجاح
backend/routers/finance/reconciliation.py,771,detail,لا يمكن حذف تسوية معتمدة. يمكن حذف التسويات في حالة المسودة فقط,msg_لا_يمكن_حذف_تسوية_معتمدة_يمكن_حذف_التسويات_في_حالة_المسودة_فقط
backend/routers/finance/reconciliation.py,782,message,تم حذف التسوية بنجاح,msg_تم_حذف_التسوية_بنجاح
backend/routers/finance/reconciliation.py,787,detail,حدث خطأ أثناء حذف التسوية,msg_حدث_خطأ_أثناء_حذف_التسوية
backend/routers/finance/reconciliation.py,810,detail,التسوية معتمدة بالفعل,msg_التسوية_معتمدة_بالفعل
backend/routers/finance/reconciliation.py,865,message,تم اعتماد التسوية,msg_تم_اعتماد_التسوية
backend/routers/finance/advanced_workflow.py,73,message,تم تحديث الشروط,msg_تم_تحديث_الشروط
backend/routers/finance/advanced_workflow.py,100,message,تم تحديث إعدادات SLA,msg_تم_تحديث_إعدادات_sla
backend/routers/finance/currencies.py,91,detail,"كود العملة يجب أن يكون 3 أحرف إنجليزية كبيرة (مثال: USD, EUR, SAR)",msg_كود_العملة_يجب_أن_يكون_3_أحرف_إنجليزية_كبيرة_مثال_usd_eur_sar
backend/routers/finance/currencies.py,96,detail,Currency code already exists,msg_currency_code_already_exists
backend/routers/finance/currencies.py,148,detail,Currency not found,msg_currency_not_found
backend/routers/finance/currencies.py,173,detail,العملة غير موجودة,msg_العملة_غير_موجودة
backend/routers/finance/currencies.py,175,detail,Cannot delete base currency,msg_cannot_delete_base_currency
backend/routers/finance/currencies.py,202,message,Currency deleted,msg_currency_deleted
backend/routers/finance/currencies.py,291,detail,سعر الصرف الجديد يجب أن يكون أكبر من صفر,msg_سعر_الصرف_الجديد_يجب_أن_يكون_أكبر_من_صفر
backend/routers/finance/currencies.py,314,message,No accounts found with this currency,msg_no_accounts_found_with_this_currency
backend/routers/finance/currencies.py,321,detail,Unrealized Gain/Loss accounts not found in Chart of Accounts,msg_unrealized_gain_loss_accounts_not_found_in_chart_of_accounts
backend/routers/finance/currencies.py,374,message,No revaluation needed,msg_no_revaluation_needed
backend/routers/finance/currencies.py,414,message,Revaluation completed successfully,msg_revaluation_completed_successfully
backend/routers/finance/currencies.py,426,detail,خطأ أثناء إعادة التقييم,msg_خطأ_أثناء_إعادة_التقييم
backend/routers/finance/tax_compliance.py,222,message,تم تحديث إعدادات الضرائب بنجاح,msg_تم_تحديث_إعدادات_الضرائب_بنجاح
backend/routers/finance/tax_compliance.py,295,detail,نظام الضريبة غير موجود,msg_نظام_الضريبة_غير_موجود
backend/routers/finance/tax_compliance.py,324,message,تم تحديث إعدادات الضرائب للفرع بنجاح,msg_تم_تحديث_إعدادات_الضرائب_للفرع_بنجاح
backend/routers/finance/subscriptions.py,149,detail,Plan not found,msg_plan_not_found
backend/routers/finance/subscriptions.py,258,detail,Enrollment not found,msg_enrollment_not_found
backend/routers/finance/checks.py,302,message,تم تسجيل الشيك بنجاح,msg_تم_تسجيل_الشيك_بنجاح
backend/routers/finance/checks.py,380,message,تم تحصيل الشيك بنجاح,msg_تم_تحصيل_الشيك_بنجاح
backend/routers/finance/checks.py,479,message,تم تسجيل الشيك كمرتجع,msg_تم_تسجيل_الشيك_كمرتجع
backend/routers/finance/checks.py,552,message,تم إعادة تقديم الشيك بنجاح,msg_تم_إعادة_تقديم_الشيك_بنجاح
backend/routers/finance/checks.py,892,message,تم صرف الشيك بنجاح,msg_تم_صرف_الشيك_بنجاح
backend/routers/finance/intercompany_v2.py,86,detail,Transaction not found,msg_transaction_not_found
backend/routers/finance/taxes.py,91,detail,كود الضريبة موجود مسبقاً,msg_كود_الضريبة_موجود_مسبقاً
backend/routers/finance/taxes.py,114,message,تم إنشاء نوع الضريبة بنجاح,msg_تم_إنشاء_نوع_الضريبة_بنجاح
backend/routers/finance/taxes.py,154,message,تم تحديث نوع الضريبة بنجاح,msg_تم_تحديث_نوع_الضريبة_بنجاح
backend/routers/finance/taxes.py,183,message,تم إيقاف نوع الضريبة بنجاح,msg_تم_إيقاف_نوع_الضريبة_بنجاح
backend/routers/finance/taxes.py,239,detail,كود المجموعة موجود مسبقاً,msg_كود_المجموعة_موجود_مسبقاً
backend/routers/finance/taxes.py,258,message,تم إنشاء المجموعة الضريبية بنجاح,msg_تم_إنشاء_المجموعة_الضريبية_بنجاح
backend/routers/finance/taxes.py,487,message,تم إنشاء الإقرار الضريبي بنجاح,msg_تم_إنشاء_الإقرار_الضريبي_بنجاح
backend/routers/finance/taxes.py,521,detail,لا يمكن تقديم إقرار غير في حالة مسودة,msg_لا_يمكن_تقديم_إقرار_غير_في_حالة_مسودة
backend/routers/finance/taxes.py,542,message,تم تقديم الإقرار الضريبي بنجاح,msg_تم_تقديم_الإقرار_الضريبي_بنجاح
backend/routers/finance/taxes.py,568,detail,لا يمكن إلغاء إقرار مدفوع,msg_لا_يمكن_إلغاء_إقرار_مدفوع
backend/routers/finance/taxes.py,574,detail,لا يمكن إلغاء إقرار له مدفوعات مؤكدة,msg_لا_يمكن_إلغاء_إقرار_له_مدفوعات_مؤكدة
backend/routers/finance/taxes.py,584,message,تم إلغاء الإقرار الضريبي,msg_تم_إلغاء_الإقرار_الضريبي
backend/routers/finance/taxes.py,655,detail,لا يمكن الدفع على إقرار ملغى أو مسودة. يجب تقديمه أولاً,msg_لا_يمكن_الدفع_على_إقرار_ملغى_أو_مسودة_يجب_تقديمه_أولاً
backend/routers/finance/taxes.py,683,detail,حساب ضريبة المخرجات (VAT Output) غير محدد في الإعدادات,msg_حساب_ضريبة_المخرجات_vat_output_غير_محدد_في_الإعدادات
backend/routers/finance/taxes.py,744,message,تم تسجيل الدفعة الضريبية بنجاح,msg_تم_تسجيل_الدفعة_الضريبية_بنجاح
backend/routers/finance/taxes.py,1003,detail,يجب تحديد فترة التسوية,msg_يجب_تحديد_فترة_التسوية
backend/routers/finance/taxes.py,1033,detail,حسابات ضريبة المدخلات/المخرجات غير معينة في الإعدادات,msg_حسابات_ضريبة_المدخلات_المخرجات_غير_معينة_في_الإعدادات
backend/routers/finance/taxes.py,1075,message,تم إنشاء التسوية الضريبية بنجاح,msg_تم_إنشاء_التسوية_الضريبية_بنجاح
backend/routers/finance/taxes.py,1622,message,Completed,completed
backend/routers/finance/cost_centers.py,45,detail,Cost center code already exists,msg_cost_center_code_already_exists
backend/routers/finance/cost_centers.py,83,detail,Cost center not found,msg_cost_center_not_found
backend/routers/finance/cost_centers.py,145,detail,Cannot delete cost center because it is used in accounting transactions,msg_cannot_delete_cost_center_because_it_is_used_in_accounting_transactions
backend/routers/finance/cost_centers.py,156,message,Cost center deleted successfully,msg_cost_center_deleted_successfully
backend/routers/finance/expenses.py,263,message,تم إنشاء سياسة المصروفات بنجاح,msg_تم_إنشاء_سياسة_المصروفات_بنجاح
backend/routers/finance/expenses.py,293,message,تم تحديث السياسة بنجاح,msg_تم_تحديث_السياسة_بنجاح
backend/routers/finance/expenses.py,309,message,تم حذف السياسة,msg_تم_حذف_السياسة
backend/routers/finance/expenses.py,423,detail,يجب تحديد حساب المصروف,msg_يجب_تحديد_حساب_المصروف
backend/routers/finance/expenses.py,436,detail,يجب تحديد حساب النقدية,msg_يجب_تحديد_حساب_النقدية
backend/routers/finance/expenses.py,543,message,تم إنشاء المصروف بنجاح,msg_تم_إنشاء_المصروف_بنجاح
backend/routers/finance/expenses.py,599,detail,لا يمكن تعديل مصروف معتمد أو مرفوض,msg_لا_يمكن_تعديل_مصروف_معتمد_أو_مرفوض
backend/routers/finance/expenses.py,631,message,تم تحديث المصروف بنجاح,msg_تم_تحديث_المصروف_بنجاح
backend/routers/finance/expenses.py,668,detail,المصروف تم اعتماده أو رفضه مسبقاً,msg_المصروف_تم_اعتماده_أو_رفضه_مسبقاً
backend/routers/finance/expenses.py,695,detail,حساب النقدية غير محدد,msg_حساب_النقدية_غير_محدد
backend/routers/finance/expenses.py,799,detail,لا يمكن حذف مصروف معتمد - يجب إنشاء قيد عكسي,msg_لا_يمكن_حذف_مصروف_معتمد_يجب_إنشاء_قيد_عكسي
backend/routers/finance/expenses.py,810,message,تم حذف المصروف بنجاح,msg_تم_حذف_المصروف_بنجاح
backend/routers/finance/costing_policies.py,56,detail,Invalid policy type,msg_invalid_policy_type
backend/routers/finance/costing_policies.py,64,message,Policy is already set to this type,msg_policy_is_already_set_to_this_type
backend/routers/finance/notes.py,190,detail,حساب أوراق القبض 1210 غير موجود,msg_حساب_أوراق_القبض_1210_غير_موجود
backend/routers/finance/notes.py,192,detail,حساب العملاء (1200/1201) غير موجود,msg_حساب_العملاء_1200_1201_غير_موجود
backend/routers/finance/notes.py,241,message,تم إنشاء ورقة القبض بنجاح,msg_تم_إنشاء_ورقة_القبض_بنجاح
backend/routers/finance/notes.py,272,detail,لا يمكن تحصيل ورقة غير معلقة,msg_لا_يمكن_تحصيل_ورقة_غير_معلقة
backend/routers/finance/notes.py,325,message,تم تحصيل ورقة القبض بنجاح,msg_تم_تحصيل_ورقة_القبض_بنجاح
backend/routers/finance/notes.py,354,detail,لا يمكن رفض ورقة غير معلقة,msg_لا_يمكن_رفض_ورقة_غير_معلقة
backend/routers/finance/notes.py,361,detail,حسابات أوراق القبض أو العملاء غير موجودة,msg_حسابات_أوراق_القبض_أو_العملاء_غير_موجودة
backend/routers/finance/notes.py,399,message,تم رفض ورقة القبض,msg_تم_رفض_ورقة_القبض
backend/routers/finance/notes.py,512,detail,حساب أوراق الدفع 2110 غير موجود,msg_حساب_أوراق_الدفع_2110_غير_موجود
backend/routers/finance/notes.py,514,detail,حساب الموردين (2100/2101) غير موجود,msg_حساب_الموردين_2100_2101_غير_موجود
backend/routers/finance/notes.py,562,message,تم إنشاء ورقة الدفع بنجاح,msg_تم_إنشاء_ورقة_الدفع_بنجاح
backend/routers/finance/notes.py,593,detail,لا يمكن سداد ورقة غير صادرة,msg_لا_يمكن_سداد_ورقة_غير_صادرة
backend/routers/finance/notes.py,646,message,تم سداد ورقة الدفع بنجاح,msg_تم_سداد_ورقة_الدفع_بنجاح
backend/routers/finance/notes.py,675,detail,لا يمكن رفض ورقة غير صادرة,msg_لا_يمكن_رفض_ورقة_غير_صادرة
backend/routers/finance/notes.py,682,detail,حسابات أوراق الدفع أو الموردين غير موجودة,msg_حسابات_أوراق_الدفع_أو_الموردين_غير_موجودة
backend/routers/finance/notes.py,720,message,تم رفض ورقة الدفع,msg_تم_رفض_ورقة_الدفع
backend/routers/finance/budgets.py,29,detail,Budget name already exists,msg_budget_name_already_exists
backend/routers/finance/budgets.py,98,detail,Budget not found,msg_budget_not_found
backend/routers/finance/budgets.py,100,detail,لا يمكن حذف ميزانية نشطة. يرجى إلغاء تنشيطها أولاً.,msg_لا_يمكن_حذف_ميزانية_نشطة_يرجى_إلغاء_تنشيطها_أولاً
backend/routers/finance/budgets.py,108,message,Budget deleted successfully,msg_budget_deleted_successfully
backend/routers/finance/budgets.py,160,message,Budget items updated successfully,msg_budget_items_updated_successfully
backend/routers/finance/budgets.py,356,detail,Only draft budgets can be activated,msg_only_draft_budgets_can_be_activated
backend/routers/finance/budgets.py,361,detail,Cannot activate budget with no items,msg_cannot_activate_budget_with_no_items
backend/routers/finance/budgets.py,369,message,Budget activated successfully,msg_budget_activated_successfully
backend/routers/finance/budgets.py,390,detail,Budget is already closed,msg_budget_is_already_closed
backend/routers/finance/budgets.py,398,message,Budget closed successfully,msg_budget_closed_successfully
backend/routers/finance/budgets.py,656,detail,Budget name exists,msg_budget_name_exists
backend/routers/finance/budgets.py,742,detail,Need at least 2 budget IDs,msg_need_at_least_2_budget_ids
backend/routers/finance/assets.py,58,detail,Asset not found,msg_asset_not_found
backend/routers/finance/assets.py,92,detail,Pending transfer not found,msg_pending_transfer_not_found
backend/routers/finance/assets.py,98,message,"Transfer approved, asset moved to new branch",msg_transfer_approved_asset_moved_to_new_branch
backend/routers/finance/assets.py,174,message,Maintenance completed,msg_maintenance_completed
backend/routers/finance/assets.py,485,message,Asset created successfully,msg_asset_created_successfully
backend/routers/finance/assets.py,598,message,تم إنشاء عقد الإيجار بنجاح,msg_تم_إنشاء_عقد_الإيجار_بنجاح
backend/routers/finance/assets.py,670,detail,لا يمكن تعديل أصل مستبعد,msg_لا_يمكن_تعديل_أصل_مستبعد
backend/routers/finance/assets.py,685,message,تم تحديث الأصل بنجاح,msg_تم_تحديث_الأصل_بنجاح
backend/routers/finance/assets.py,710,detail,Schedule item not found or already posted,msg_schedule_item_not_found_or_already_posted
backend/routers/finance/assets.py,727,detail,"Depreciation accounts (mapped roles: acc_map_depr_exp, acc_map_acc_depr) not found.",msg_depreciation_accounts_mapped_roles_acc_map_depr_exp_acc_map_acc_depr_not_found
backend/routers/finance/assets.py,764,message,Depreciation posted successfully,msg_depreciation_posted_successfully
backend/routers/finance/assets.py,783,detail,الأصل غير موجود أو تم استبعاده مسبقاً,msg_الأصل_غير_موجود_أو_تم_استبعاده_مسبقاً
backend/routers/finance/assets.py,813,detail,تم ترحيل قيد استبعاد لهذا الأصل مسبقاً,msg_تم_ترحيل_قيد_استبعاد_لهذا_الأصل_مسبقاً
backend/routers/finance/assets.py,896,detail,لا يمكن نقل أصل مستبعد,msg_لا_يمكن_نقل_أصل_مستبعد
backend/routers/finance/assets.py,900,detail,الفرع المصدر والوجهة متطابقان,msg_الفرع_المصدر_والوجهة_متطابقان
backend/routers/finance/assets.py,906,detail,لم يتم تعيين حساب بين الفروع (acc_map_intercompany),msg_لم_يتم_تعيين_حساب_بين_الفروع_acc_map_intercompany
backend/routers/finance/assets.py,986,detail,الأصل غير موجود أو مستبعد,msg_الأصل_غير_موجود_أو_مستبعد
backend/routers/finance/assets.py,996,message,لا يوجد فرق في القيمة,msg_لا_يوجد_فرق_في_القيمة
backend/routers/finance/assets.py,1003,detail,لم يتم تعيين حساب احتياطي إعادة التقييم في الإعدادات,msg_لم_يتم_تعيين_حساب_احتياطي_إعادة_التقييم_في_الإعدادات
backend/routers/finance/assets.py,1005,detail,لم يتم تعيين حساب خسائر الأصول في الإعدادات,msg_لم_يتم_تعيين_حساب_خسائر_الأصول_في_الإعدادات
backend/routers/finance/assets.py,1232,message,QR/Barcode updated,msg_qr_barcode_updated
backend/routers/finance/assets.py,1344,message,تم إجراء اختبار الانخفاض,msg_تم_إجراء_اختبار_الانخفاض
backend/routers/finance/accounting.py,330,detail,حدث خطأ أثناء جلب شجرة الحسابات,msg_حدث_خطأ_أثناء_جلب_شجرة_الحسابات
backend/routers/finance/accounting.py,348,detail,رقم الحساب موجود مسبقاً,msg_رقم_الحساب_موجود_مسبقاً
backend/routers/finance/accounting.py,354,detail,كود الحساب موجود مسبقاً,msg_كود_الحساب_موجود_مسبقاً
backend/routers/finance/accounting.py,383,message,تم إنشاء الحساب بنجاح,msg_تم_إنشاء_الحساب_بنجاح
backend/routers/finance/accounting.py,413,detail,لا يمكن حذف الحساب لأنه يحتوي على حسابات فرعية,msg_لا_يمكن_حذف_الحساب_لأنه_يحتوي_على_حسابات_فرعية
backend/routers/finance/accounting.py,418,detail,لا يمكن حذف الحساب لأنه يحتوي على قيود محاسبية مسجلة,msg_لا_يمكن_حذف_الحساب_لأنه_يحتوي_على_قيود_محاسبية_مسجلة
backend/routers/finance/accounting.py,423,detail,لا يمكن حذف الحساب لأنه مرتبط بحساب خزينة,msg_لا_يمكن_حذف_الحساب_لأنه_مرتبط_بحساب_خزينة
backend/routers/finance/accounting.py,428,detail,لا يمكن حذف الحساب لأنه مستخدم في الميزانيات,msg_لا_يمكن_حذف_الحساب_لأنه_مستخدم_في_الميزانيات
backend/routers/finance/accounting.py,433,detail,لا يمكن حذف الحساب لأنه معين كحساب افتراضي في الإعدادات,msg_لا_يمكن_حذف_الحساب_لأنه_معين_كحساب_افتراضي_في_الإعدادات
backend/routers/finance/accounting.py,438,detail,لا يمكن حذف الحساب لأن رصيده غير صفري,msg_لا_يمكن_حذف_الحساب_لأن_رصيده_غير_صفري
backend/routers/finance/accounting.py,458,message,تم حذف الحساب بنجاح,msg_تم_حذف_الحساب_بنجاح
backend/routers/finance/accounting.py,527,message,تم تحديث الحساب بنجاح,msg_تم_تحديث_الحساب_بنجاح
backend/routers/finance/accounting.py,571,message,قيد موجود مسبقاً (مفتاح تكرار),msg_قيد_موجود_مسبقاً_مفتاح_تكرار
backend/routers/finance/accounting.py,765,detail,القيد غير موجود,msg_القيد_غير_موجود
backend/routers/finance/accounting.py,905,message,تم ترحيل القيد بنجاح,msg_تم_ترحيل_القيد_بنجاح
backend/routers/finance/accounting.py,937,detail,القيد ملغى بالفعل,msg_القيد_ملغى_بالفعل
backend/routers/finance/accounting.py,946,detail,القيد لا يحتوي على أسطر,msg_القيد_لا_يحتوي_على_أسطر
backend/routers/finance/accounting.py,997,message,تم إلغاء القيد بنجاح وإنشاء قيد عكسي,msg_تم_إلغاء_القيد_بنجاح_وإنشاء_قيد_عكسي
backend/routers/finance/accounting.py,1253,detail,لم يتم العثور على حساب الأرباح المبقاة. يرجى تحديده يدوياً,msg_لم_يتم_العثور_على_حساب_الأرباح_المبقاة_يرجى_تحديده_يدوياً
backend/routers/finance/accounting.py,1286,detail,لا توجد حركات إيرادات أو مصاريف لهذه السنة المالية,msg_لا_توجد_حركات_إيرادات_أو_مصاريف_لهذه_السنة_المالية
backend/routers/finance/accounting.py,1533,detail,الفترة المحاسبية غير موجودة,msg_الفترة_المحاسبية_غير_موجودة
backend/routers/finance/accounting.py,1542,detail,لا يمكن فتح فترة في سنة مالية مقفلة. افتح السنة أولاً,msg_لا_يمكن_فتح_فترة_في_سنة_مالية_مقفلة_افتح_السنة_أولاً
backend/routers/finance/accounting.py,1640,detail,يجب إضافة سطرين على الأقل,msg_يجب_إضافة_سطرين_على_الأقل
backend/routers/finance/accounting.py,1694,message,تم إنشاء القالب بنجاح,msg_تم_إنشاء_القالب_بنجاح
backend/routers/finance/accounting.py,1775,message,تم تعديل القالب بنجاح,msg_تم_تعديل_القالب_بنجاح
backend/routers/finance/accounting.py,1802,message,تم حذف القالب بنجاح,msg_تم_حذف_القالب_بنجاح
backend/routers/finance/accounting.py,1827,detail,القالب لا يحتوي على بنود,msg_القالب_لا_يحتوي_على_بنود
backend/routers/finance/accounting.py,1832,message,تم توليد القيد بنجاح,msg_تم_توليد_القيد_بنجاح
backend/routers/finance/accounting.py,2018,detail,لا توجد أرصدة لحفظها,msg_لا_توجد_أرصدة_لحفظها
backend/routers/finance/accounting.py,2070,detail,لا يوجد حساب حقوق ملكية لتعويض فرق الأرصدة الافتتاحية,msg_لا_يوجد_حساب_حقوق_ملكية_لتعويض_فرق_الأرصدة_الافتتاحية
backend/routers/finance/accounting.py,2106,message,تم حفظ الأرصدة الافتتاحية بنجاح,msg_تم_حفظ_الأرصدة_الافتتاحية_بنجاح
backend/routers/finance/accounting.py,2217,detail,لم يتم العثور على حساب الأرباح المبقاة,msg_لم_يتم_العثور_على_حساب_الأرباح_المبقاة
backend/routers/finance/accounting.py,2413,detail,لم يتم تعيين حسابات الديون المعدومة في الإعدادات,msg_لم_يتم_تعيين_حسابات_الديون_المعدومة_في_الإعدادات
backend/routers/finance/accounting.py,2475,detail,لم يتم تعيين حسابات الإجازات في الإعدادات,msg_لم_يتم_تعيين_حسابات_الإجازات_في_الإعدادات
backend/routers/finance/accounting.py,2546,detail,لم يتم العثور على حسابات فروقات العملة غير المحققة,msg_لم_يتم_العثور_على_حسابات_فروقات_العملة_غير_المحققة
backend/routers/finance/accounting.py,2565,message,لا توجد أرصدة بهذه العملة,msg_لا_توجد_أرصدة_بهذه_العملة
backend/routers/finance/intercompany.py,40,detail,رمز الشركة غير صالح,msg_رمز_الشركة_غير_صالح
backend/routers/finance/intercompany.py,125,message,تم إنشاء المعاملة بين الشركات,msg_تم_إنشاء_المعاملة_بين_الشركات
backend/routers/finance/intercompany.py,193,message,تمت معالجة المعاملة بنجاح,msg_تمت_معالجة_المعاملة_بنجاح
backend/routers/finance/intercompany.py,328,message,تم إنشاء جدول الاعتراف بالإيرادات,msg_تم_إنشاء_جدول_الاعتراف_بالإيرادات
backend/routers/sales/cpq.py,54,detail,Configuration not found,msg_configuration_not_found
backend/routers/sales/cpq.py,220,detail,Quote not found,msg_quote_not_found
backend/routers/sales/cpq.py,291,detail,Quote already converted,msg_quote_already_converted
backend/routers/sales/invoices.py,780,detail,الفاتورة ملغاة بالفعل,msg_الفاتورة_ملغاة_بالفعل
backend/routers/sales/invoices.py,782,detail,لا يمكن إلغاء فاتورة تم السداد عليها. قم بإنشاء مرتجع بدلاً من ذلك,msg_لا_يمكن_إلغاء_فاتورة_تم_السداد_عليها_قم_بإنشاء_مرتجع_بدلاً_من_ذلك
backend/routers/sales/invoices.py,786,detail,سعر الصرف غير صالح,msg_سعر_الصرف_غير_صالح
backend/routers/sales/invoices.py,861,message,تم إلغاء الفاتورة وعكس جميع القيود بنجاح,msg_تم_إلغاء_الفاتورة_وعكس_جميع_القيود_بنجاح
backend/routers/sales/orders.py,101,detail,عرض السعر غير موجود,msg_عرض_السعر_غير_موجود
backend/routers/sales/sales_improvements.py,37,detail,Quotation not found,msg_quotation_not_found
backend/routers/sales/sales_improvements.py,39,detail,Already converted,msg_already_converted
backend/routers/sales/sales_improvements.py,87,message,Quotation converted to order,msg_quotation_converted_to_order
backend/routers/sales/sales_improvements.py,235,detail,Invoice not found,msg_invoice_not_found
backend/routers/sales/sales_improvements.py,239,detail,No salesperson assigned,msg_no_salesperson_assigned
backend/routers/sales/sales_improvements.py,314,detail,لم يتم تحديد عمولات للصرف,msg_لم_يتم_تحديد_عمولات_للصرف
backend/routers/sales/sales_improvements.py,324,detail,لا توجد عمولات معلقة بالأرقام المحددة,msg_لا_توجد_عمولات_معلقة_بالأرقام_المحددة
backend/routers/sales/sales_improvements.py,405,detail,No lines specified,msg_no_lines_specified
backend/routers/sales/sales_improvements.py,462,detail,Customer not found,msg_customer_not_found
backend/routers/sales/sales_improvements.py,495,message,Credit limit updated,msg_credit_limit_updated
backend/routers/sales/sales_improvements.py,521,message,Approved,approved
backend/routers/sales/customers.py,109,detail,لا يمكنك الوصول لبيانات عميل خارج فروعك,msg_لا_يمكنك_الوصول_لبيانات_عميل_خارج_فروعك
backend/routers/sales/customers.py,231,detail,لا يمكنك تعديل عميل خارج فروعك,msg_لا_يمكنك_تعديل_عميل_خارج_فروعك
backend/routers/sales/customers.py,423,detail,لا يمكن حذف المجموعة لأنها مرتبطة بعملاء,msg_لا_يمكن_حذف_المجموعة_لأنها_مرتبطة_بعملاء
backend/routers/sales/credit_notes.py,192,detail,يجب ربط الإشعار بفاتورة مبيعات,msg_يجب_ربط_الإشعار_بفاتورة_مبيعات
backend/routers/sales/credit_notes.py,280,detail,إعدادات الحسابات غير مكتملة (AR / Sales Revenue),msg_إعدادات_الحسابات_غير_مكتملة_ar_sales_revenue
backend/routers/sales/vouchers.py,76,detail,مبلغ التخصيص يجب أن يكون أكبر من صفر,msg_مبلغ_التخصيص_يجب_أن_يكون_أكبر_من_صفر
backend/routers/sales/vouchers.py,560,detail,Receipt not found,msg_receipt_not_found
backend/routers/sales/returns.py,68,detail,المرتجع غير موجود,msg_المرتجع_غير_موجود
backend/routers/sales/returns.py,236,detail,المرتجع غير موجود أو تم اعتماده مسبقاً,msg_المرتجع_غير_موجود_أو_تم_اعتماده_مسبقاً
backend/routers/sales/returns.py,504,message,تم اعتماد المرتجع بنجاح وتحديث المخزون والقيود المحاسبية,msg_تم_اعتماد_المرتجع_بنجاح_وتحديث_المخزون_والقيود_المحاسبية
backend/routers/hr/self_service.py,58,detail,User is not linked to an employee record,msg_user_is_not_linked_to_an_employee_record
backend/routers/hr/self_service.py,86,message,No employee record linked to this user,msg_no_employee_record_linked_to_this_user
backend/routers/hr/self_service.py,128,detail,No updatable fields provided,msg_no_updatable_fields_provided
backend/routers/hr/self_service.py,150,message,Profile updated,msg_profile_updated
backend/routers/hr/self_service.py,222,detail,Payslip not found,msg_payslip_not_found
backend/routers/hr/self_service.py,300,detail,تاريخ البداية لا يمكن أن يكون بعد تاريخ النهاية,msg_تاريخ_البداية_لا_يمكن_أن_يكون_بعد_تاريخ_النهاية
backend/routers/hr/self_service.py,311,detail,يوجد طلب إجازة متداخل مع هذه الفترة,msg_يوجد_طلب_إجازة_متداخل_مع_هذه_الفترة
backend/routers/hr/self_service.py,507,detail,Leave request not found,msg_leave_request_not_found
backend/routers/hr/self_service.py,545,message,Leave request approved,msg_leave_request_approved
backend/routers/hr/self_service.py,614,message,Leave request rejected,msg_leave_request_rejected
backend/routers/hr/core.py,90,detail,Unauthorized access to this branch,msg_unauthorized_access_to_this_branch
backend/routers/hr/core.py,175,detail,Username already exists,msg_username_already_exists
backend/routers/hr/core.py,335,message,Success,success
backend/routers/hr/core.py,358,detail,Employee not found,msg_employee_not_found
backend/routers/hr/core.py,471,message,Updated successfully,msg_updated_successfully
backend/routers/hr/core.py,525,detail,Payroll period not found,msg_payroll_period_not_found
backend/routers/hr/core.py,559,message,Created successfully,msg_created_successfully
backend/routers/hr/core.py,694,detail,Invalid loan status,msg_invalid_loan_status
backend/routers/hr/core.py,755,detail,Period not found,msg_period_not_found
backend/routers/hr/core.py,757,detail,Cannot generate payroll for non-draft period,msg_cannot_generate_payroll_for_non_draft_period
backend/routers/hr/core.py,907,detail,Invalid period status,msg_invalid_period_status
backend/routers/hr/core.py,947,detail,No payroll calculated to post,msg_no_payroll_calculated_to_post
backend/routers/hr/core.py,1137,message,Payroll posted successfully,msg_payroll_posted_successfully
backend/routers/hr/core.py,1167,message,Department created,msg_department_created
backend/routers/hr/core.py,1183,detail,Cannot delete department. It is assigned to employees.,msg_cannot_delete_department_it_is_assigned_to_employees
backend/routers/hr/core.py,1191,message,Department deleted,msg_department_deleted
backend/routers/hr/core.py,1237,message,Position created,msg_position_created
backend/routers/hr/core.py,1253,detail,Cannot delete position. It is assigned to employees.,msg_cannot_delete_position_it_is_assigned_to_employees
backend/routers/hr/core.py,1261,message,Position deleted,msg_position_deleted
backend/routers/hr/core.py,1285,detail,السجلات الوظيفية غير مرتبطة بهذا المستخدم,msg_السجلات_الوظيفية_غير_مرتبطة_بهذا_المستخدم
backend/routers/hr/core.py,1289,detail,الموظف غير نشط,msg_الموظف_غير_نشط
backend/routers/hr/core.py,1319,detail,You are already checked in,msg_you_are_already_checked_in
backend/routers/hr/core.py,1328,detail,تم تجاوز الحد الأقصى لتسجيلات الحضور لهذا اليوم (3 مرات),msg_تم_تجاوز_الحد_الأقصى_لتسجيلات_الحضور_لهذا_اليوم_3_مرات
backend/routers/hr/core.py,1388,detail,No active check-in found for today,msg_no_active_check_in_found_for_today
backend/routers/hr/core.py,1435,message,User not linked to employee,msg_user_not_linked_to_employee
backend/routers/hr/core.py,1526,detail,User is not linked to an employee,msg_user_is_not_linked_to_an_employee
backend/routers/hr/core.py,1534,detail,Not authorized to request leave for others,msg_not_authorized_to_request_leave_for_others
backend/routers/hr/core.py,1746,message,Status updated,msg_status_updated
backend/routers/hr/core.py,1778,detail,تاريخ التعيين غير محدد للموظف,msg_تاريخ_التعيين_غير_محدد_للموظف
backend/routers/hr/core.py,1786,detail,تاريخ الإنهاء قبل تاريخ التعيين,msg_تاريخ_الإنهاء_قبل_تاريخ_التعيين
backend/routers/hr/core.py,1985,detail,Payslip already exists for this period,msg_payslip_already_exists_for_this_period
backend/routers/hr/core.py,2052,message,Payslip generated successfully,msg_payslip_generated_successfully
backend/routers/hr/core.py,2152,message,Updated,updated
backend/routers/hr/core.py,2221,message,Stage updated,msg_stage_updated
backend/routers/hr/core.py,2240,detail,Unauthorized access to this employee,msg_unauthorized_access_to_this_employee
backend/routers/hr/performance.py,47,detail,Period end must be after period start,msg_period_end_must_be_after_period_start
backend/routers/hr/performance.py,65,message,Review cycle created,msg_review_cycle_created
backend/routers/hr/performance.py,71,detail,Failed to create review cycle,msg_failed_to_create_review_cycle
backend/routers/hr/performance.py,141,detail,Cycle not found,msg_cycle_not_found
backend/routers/hr/performance.py,145,detail,Only draft cycles can be launched,msg_only_draft_cycles_can_be_launched
backend/routers/hr/performance.py,152,detail,Reviews already exist for this cycle,msg_reviews_already_exist_for_this_cycle
backend/routers/hr/performance.py,175,detail,No active employees found,msg_no_active_employees_found
backend/routers/hr/performance.py,211,detail,Failed to launch cycle,msg_failed_to_launch_cycle
backend/routers/hr/performance.py,297,detail,Review not found,msg_review_not_found
backend/routers/hr/performance.py,301,detail,You can only submit your own self-assessment,msg_you_can_only_submit_your_own_self_assessment
backend/routers/hr/performance.py,304,detail,Self-assessment already submitted or review is not in the correct state,msg_self_assessment_already_submitted_or_review_is_not_in_the_correct_state
backend/routers/hr/performance.py,326,message,Self-assessment submitted successfully,msg_self_assessment_submitted_successfully
backend/routers/hr/performance.py,332,detail,Failed to submit self-assessment,msg_failed_to_submit_self_assessment
backend/routers/hr/performance.py,430,detail,Only the assigned reviewer can submit manager assessment,msg_only_the_assigned_reviewer_can_submit_manager_assessment
backend/routers/hr/performance.py,433,detail,Review must be pending manager assessment,msg_review_must_be_pending_manager_assessment
backend/routers/hr/performance.py,454,message,Manager assessment submitted successfully,msg_manager_assessment_submitted_successfully
backend/routers/hr/performance.py,460,detail,Failed to submit manager assessment,msg_failed_to_submit_manager_assessment
backend/routers/hr/performance.py,490,detail,Review already finalized,msg_review_already_finalized
backend/routers/hr/performance.py,494,detail,Manager assessment not submitted yet,msg_manager_assessment_not_submitted_yet
backend/routers/hr/performance.py,544,message,Review finalized,msg_review_finalized
backend/routers/hr/performance.py,550,detail,Failed to finalize review,msg_failed_to_finalize_review
backend/routers/hr/performance.py,591,message,Goal added,msg_goal_added
backend/routers/hr/performance.py,597,detail,Failed to add goal,msg_failed_to_add_goal
backend/routers/hr/performance.py,631,detail,Goal not found,msg_goal_not_found
backend/routers/hr/performance.py,637,message,Goal deleted,msg_goal_deleted
backend/routers/hr/performance.py,642,detail,Failed to delete goal,msg_failed_to_delete_goal
backend/routers/hr/advanced.py,71,message,تم إنشاء هيكل الراتب بنجاح,msg_تم_إنشاء_هيكل_الراتب_بنجاح
backend/routers/hr/advanced.py,96,message,تم التحديث بنجاح,msg_تم_التحديث_بنجاح
backend/routers/hr/advanced.py,112,message,تم الحذف بنجاح,msg_تم_الحذف_بنجاح
backend/routers/hr/advanced.py,158,message,تم إنشاء مكون الراتب بنجاح,msg_تم_إنشاء_مكون_الراتب_بنجاح
backend/routers/hr/advanced.py,222,message,تم تعيين مكون الراتب بنجاح,msg_تم_تعيين_مكون_الراتب_بنجاح
backend/routers/hr/advanced.py,289,message,تم إنشاء طلب العمل الإضافي,msg_تم_إنشاء_طلب_العمل_الإضافي
backend/routers/hr/advanced.py,309,message,تم تحديث حالة الطلب,msg_تم_تحديث_حالة_الطلب
backend/routers/hr/advanced.py,351,message,تم حفظ إعدادات GOSI,msg_تم_حفظ_إعدادات_gosi
backend/routers/hr/advanced.py,578,message,تم إضافة المستند,msg_تم_إضافة_المستند
backend/routers/hr/advanced.py,676,message,تم إنشاء التقييم,msg_تم_إنشاء_التقييم
backend/routers/hr/advanced.py,701,message,تم تحديث التقييم,msg_تم_تحديث_التقييم
backend/routers/hr/advanced.py,745,message,تم إنشاء البرنامج التدريبي,msg_تم_إنشاء_البرنامج_التدريبي
backend/routers/hr/advanced.py,788,message,تم تسجيل المشارك,msg_تم_تسجيل_المشارك
backend/routers/hr/advanced.py,791,detail,المشارك مسجل مسبقاً,msg_المشارك_مسجل_مسبقاً
backend/routers/hr/advanced.py,889,message,تم تسجيل المخالفة,msg_تم_تسجيل_المخالفة
backend/routers/hr/advanced.py,914,message,تم تحديث المخالفة,msg_تم_تحديث_المخالفة
backend/routers/hr/advanced.py,971,message,تم تسليم العهدة,msg_تم_تسليم_العهدة
backend/routers/hr/advanced.py,996,message,تم تحديث العهدة,msg_تم_تحديث_العهدة
backend/routers/hr/advanced.py,1016,message,تم استلام العهدة,msg_تم_استلام_العهدة
